--
-- ?????? ???????????? Devart dbForge Studio for MySQL, ?????? 7.1.13.0
-- ???????? ???????? ????????: http://www.devart.com/ru/dbforge/mysql/studio
-- ???? ???????: 7/15/2016 2:50:47 PM
-- ?????? ??????? ???? ?????? ?????????: 5.7.11
-- ?????? ?????????? ?????????: User Id=root;Host=localhost;Protocol=Ssh;Character Set=utf8;SSH Host=46.101.244.51;SSH Port=2220;SSH User=sonik9;SSH Authentication Type=Password
-- ?????? ??????? ???? ?????? ??????????: 5.7.13-log
-- ?????? ?????????? ??????????: User Id=root;Host=localhost;Character Set=compatibility
-- ????????? ?????? ? ???? java_blog, ????? ???????????????? ?? ? ????? java_blog
-- ??????????, ????????? ????????? ????? ????? ???? ?????????? ????? ???????? ????? ???????
--



SET NAMES 'utf8';
USE java_blog;

--
-- ??????? ?????? ? ??????? blg_dic_category
--
INSERT INTO blg_dic_category(`dic_cat_id`, `dic_cat_name`, `dic_cat_enable`, `dic_cat_pstcount`) VALUES
(1, 'Programming', 1, 3),
(2, 'Administrating', 1, 10),
(3, 'Databases', 1, 0);

--
-- ??????? ?????? ? ??????? blg_dic_role
--
INSERT INTO blg_dic_role(`role_id`, `role_name`) VALUES
(1, 'ROLE_ADMIN'),
(2, 'ROLE_USER');

--
-- ??????? ?????? ? ??????? blg_dic_tag
--
INSERT INTO blg_dic_tag(`dic_tag_id`, `dic_tag_name`) VALUES
(1, 'Java'),
(2, 'Spring'),
(3, 'JavaScript'),
(4, 'Linux'),
(5, 'Ubuntu'),
(6, 'jsf'),
(7, 'Hibernate');

--
-- ??????? ?????? ? ??????? blg_dic_telephone_type
--
INSERT INTO blg_dic_telephone_type(`tel_type_id`, `tel_type_name`) VALUES
(1, 'Home'),
(2, 'Mobile');

--
-- ??????? ?????? ? ??????? blg_post
--
INSERT INTO blg_post(`pst_id`, `pst_title`, `pst_document`, `pst_title_image`, `pst_time_create`, `pst_time_modify`, `pst_enable`, `pst_count_like`, `pst_count_dislike`, `pst_count_comm`, `pst_url`, `pst_document_short`, `pst_count_view`) VALUES
(1, 'First post in my blog!', '<img src="http://habrastorage.org/files/04b/58b/804/04b58b8049ce4e1db470d07c140668a2.png" style="box-sizing: border-box; width: auto; color: rgb(0, 0, 0); font-family: Helvetica, verdana, arial, tahoma, sans-serif; font-size: 15px; line-height: 23px;"><br style="box-sizing: border-box; color: rgb(0, 0, 0); font-family: Helvetica, verdana, arial, tahoma, sans-serif; font-size: 15px; line-height: 23px;"><br style="box-sizing: border-box; color: rgb(0, 0, 0); font-family: Helvetica, verdana, arial, tahoma, sans-serif; font-size: 15px; line-height: 23px;"><span style="color: rgb(0, 0, 0); font-family: Helvetica, verdana, arial, tahoma, sans-serif; font-size: 15px; line-height: 23px;">??? ?????????, ??? ?? ????????? ???? ??? ? ????? ????????????? ? ?????????? ?????????? ?????????? ?????. ??????? ??????, ??????? ??????????? ?????? ? ?????? ?? ???? ????????, ??????????? ? ???????????? ????????? ????? ????????????. ??? ??? ?????? ???????? ???? ??????????? ??????????????? ???? ????? ? ???????? ????? ????? ????????????? (??????, ????? ?????? ????? ????) ?, ??? ?????????,  ?????????? ????????, ??????? ??? ????????? ???? ?????.</span><br style="box-sizing: border-box; color: rgb(0, 0, 0); font-family: Helvetica, verdana, arial, tahoma, sans-serif; font-size: 15px; line-height: 23px;"><br style="box-sizing: border-box; color: rgb(0, 0, 0); font-family: Helvetica, verdana, arial, tahoma, sans-serif; font-size: 15px; line-height: 23px;"><span style="color: rgb(0, 0, 0); font-family: Helvetica, verdana, arial, tahoma, sans-serif; font-size: 15px; line-height: 23px;">??? ??????? ????? ? ???, ??? ?,&nbsp;</span><a href="http://habrastorage.org/files/ec2/8f7/108/ec28f7108da14392a97d3b350de7af8c.png" style="box-sizing: border-box; color: rgb(189, 111, 218); font-family: Helvetica, verdana, arial, tahoma, sans-serif; font-size: 15px; line-height: 23px;">??????????? ?????????</a><span style="color: rgb(0, 0, 0); font-family: Helvetica, verdana, arial, tahoma, sans-serif; font-size: 15px; line-height: 23px;">, ????? ?????? ???????????? ????????? ?????. ? ????? ? ???????? ? ????????, ??????? ?????????? ?????? ?? ???????&nbsp;</span><a href="https://github.com/10gen-labs/socialite" style="box-sizing: border-box; color: rgb(189, 111, 218); font-family: Helvetica, verdana, arial, tahoma, sans-serif; font-size: 15px; line-height: 23px;">Socialite</a><span style="color: rgb(0, 0, 0); font-family: Helvetica, verdana, arial, tahoma, sans-serif; font-size: 15px; line-height: 23px;">, ? ???????? ??? ?????????? ??&nbsp;</span><a href="https://www.mongodb.com/presentations/socialite-open-source-status-feed-part-3-scaling-data-feed" style="box-sizing: border-box; color: rgb(189, 111, 218); font-family: Helvetica, verdana, arial, tahoma, sans-serif; font-size: 15px; line-height: 23px;">MongoDB World</a><span style="color: rgb(0, 0, 0); font-family: Helvetica, verdana, arial, tahoma, sans-serif; font-size: 15px; line-height: 23px;">.</span><br style="box-sizing: border-box; color: rgb(0, 0, 0); font-family: Helvetica, verdana, arial, tahoma, sans-serif; font-size: 15px; line-height: 23px;"><a name="habracut" style="box-sizing: border-box; color: rgb(62, 147, 227); font-family: Helvetica, verdana, arial, tahoma, sans-serif; font-size: 15px; line-height: 23px;"></a><br style="box-sizing: border-box; color: rgb(0, 0, 0); font-family: Helvetica, verdana, arial, tahoma, sans-serif; font-size: 15px; line-height: 23px;"><h1 style="box-sizing: border-box; color: rgb(79, 97, 115); font-size: 17px; line-height: 22px; margin-top: 0px; padding: 0px; font-family: Helvetica, verdana, arial, tahoma, sans-serif; letter-spacing: normal;">??? ??????????? ??????</h1><br style="box-sizing: border-box; color: rgb(0, 0, 0); font-family: Helvetica, verdana, arial, tahoma, sans-serif; font-size: 15px; line-height: 23px;"><span style="color: rgb(0, 0, 0); font-family: Helvetica, verdana, arial, tahoma, sans-serif; font-size: 15px; line-height: 23px;">????, ??? ?????? ????????? ????????? ?????????? ? ???, ??? ????? ????????? ????? ??????????? ?? ?????????? ?????????????, ? ???????? ?? ?????? (???? ??????? ?? ????????/??????/etc). ?????????????, ?????? ???????????? ?????  ??? ?????? ???????? ???????? ?? ?????? ??? ??????????. ?????, ??? ???????, ??????? ?? ?????????? ?????????????? ????????: ???????, ??????, ?????????? ?????, ?????-?? ????????? ???????? ? ???????. ?????? ????? ?? ????? ???????, ????????, ?????, ??????????? ????????????? ?? ???? ????? ????????/????????/?????. ?????????????, ???????? ??????, ??????? ????????? ????? ?????????????? ?????????? ????  ???:</span><br style="box-sizing: border-box; color: rgb(0, 0, 0); font-family: Helvetica, verdana, arial, tahoma, sans-serif; font-size: 15px; line-height: 23px;"><br style="box-sizing: border-box; color: rgb(0, 0, 0); font-family: Helvetica, verdana, arial, tahoma, sans-serif; font-size: 15px; line-height: 23px;"><span style="color: rgb(0, 0, 0); font-family: Helvetica, verdana, arial, tahoma, sans-serif; font-size: 15px; line-height: 23px;">1. ????????? ???? ??????????, ????? ????????, ??????? ?????? ????????????. ??????? ??? ???????&nbsp;</span><i style="box-sizing: border-box; color: rgb(0, 0, 0); font-family: Helvetica, verdana, arial, tahoma, sans-serif; font-size: 15px; line-height: 23px;">???????? ????????</i><span style="color: rgb(0, 0, 0); font-family: Helvetica, verdana, arial, tahoma, sans-serif; font-size: 15px; line-height: 23px;">. ?? ????-???????????? ???????? ????, ?? ????????? ??????? ?????????? ??????, ??????? ???????????? ? ?????????? ???????????? ????????????? ??????? ? ????????? ?????-????? ?????????? ??????????.</span><br style="box-sizing: border-box; color: rgb(0, 0, 0); font-family: Helvetica, verdana, arial, tahoma, sans-serif; font-size: 15px; line-height: 23px;"><br style="box-sizing: border-box; color: rgb(0, 0, 0); font-family: Helvetica, verdana, arial, tahoma, sans-serif; font-size: 15px; line-height: 23px;"><span style="color: rgb(0, 0, 0); font-family: Helvetica, verdana, arial, tahoma, sans-serif; font-size: 15px; line-height: 23px;">2. ???????? ????????????????? ???????? ??? ??????????. ??????? ???? ???????&nbsp;</span><i style="box-sizing: border-box; color: rgb(0, 0, 0); font-family: Helvetica, verdana, arial, tahoma, sans-serif; font-size: 15px; line-height: 23px;">??????? ?????</i><span style="color: rgb(0, 0, 0); font-family: Helvetica, verdana, arial, tahoma, sans-serif; font-size: 15px; line-height: 23px;">, ??????? ??????????? ??????????. ????? ???????, ????? ???????????? ????? ???????? ???? ?????, ?? ???? ?? ????? ???????????? ?????????, ????? ??, ? ??? ???????? ? ??????? ? ?? ???????? ??? ?????? ??????? ????????.&nbsp;</span><br style="box-sizing: border-box; color: rgb(0, 0, 0); font-family: Helvetica, verdana, arial, tahoma, sans-serif; font-size: 15px; line-height: 23px;"><br style="box-sizing: border-box; color: rgb(0, 0, 0); font-family: Helvetica, verdana, arial, tahoma, sans-serif; font-size: 15px; line-height: 23px;"><span style="color: rgb(0, 0, 0); font-family: Helvetica, verdana, arial, tahoma, sans-serif; font-size: 15px; line-height: 23px;">????? ?? ????? ??????. ??????? ????? ???????? ?????????? ??????? ? ?????????? ???????????? ???????????? ????????? ????? (??????? ???????, ???????? ???????? ?? ?????? ??? ?????????). ????-?????? ?????????? ?????????? ? ??? ??????????.</span><br style="box-sizing: border-box; color: rgb(0, 0, 0); font-family: Helvetica, verdana, arial, tahoma, sans-serif; font-size: 15px; line-height: 23px;"><br style="box-sizing: border-box; color: rgb(0, 0, 0); font-family: Helvetica, verdana, arial, tahoma, sans-serif; font-size: 15px; line-height: 23px;"><h1 style="box-sizing: border-box; color: rgb(79, 97, 115); font-size: 17px; line-height: 22px; margin-top: 0px; padding: 0px; font-family: Helvetica, verdana, arial, tahoma, sans-serif; letter-spacing: normal;">????????? ????? ??? ??????</h1><br style="box-sizing: border-box; color: rgb(0, 0, 0); font-family: Helvetica, verdana, arial, tahoma, sans-serif; font-size: 15px; line-height: 23px;"><span style="color: rgb(0, 0, 0); font-family: Helvetica, verdana, arial, tahoma, sans-serif; font-size: 15px; line-height: 23px;">?????? ?????? ??????????????? ???????????? ????? ?? ????. ?.?. ????? ???????????? ??????????? ???? ????????? ?????, ?? ?????????? ?? ?????? ??????? ??????? ?????? ?????, ?? ??????? ???????? ????????????, ????????? ?? ?? ??????? ? ???????? ????????? ?????. ???, ? ?????-??, ? ???. ? ?????, ??? ??? ???????? ????????? ? ??????????-???????? ??????. ?? ????? ???????? ?? ???????? ???:</span><br style="box-sizing: border-box; color: rgb(0, 0, 0); font-family: Helvetica, verdana, arial, tahoma, sans-serif; font-size: 15px; line-height: 23px;"><br style="box-sizing: border-box; color: rgb(0, 0, 0); font-family: Helvetica, verdana, arial, tahoma, sans-serif; font-size: 15px; line-height: 23px;"><img src="http://habrastorage.org/files/5b7/f0d/81e/5b7f0d81ecf6486d8cf1d977e5e2d591.jpg" style="box-sizing: border-box; width: auto; color: rgb(0, 0, 0); font-family: Helvetica, verdana, arial, tahoma, sans-serif; font-size: 15px; line-height: 23px;"><br style="box-sizing: border-box; color: rgb(0, 0, 0); font-family: Helvetica, verdana, arial, tahoma, sans-serif; font-size: 15px; line-height: 23px;"><br style="box-sizing: border-box; color: rgb(0, 0, 0); font-family: Helvetica, verdana, arial, tahoma, sans-serif; font-size: 15px; line-height: 23px;"><span style="color: rgb(0, 0, 0); font-family: Helvetica, verdana, arial, tahoma, sans-serif; font-size: 15px; line-height: 23px;">????? ???????????? ?????? ???-?? ?????, ??????? ????????? ?????????: ?????????? ??????? ????? ???? ?????? ? ?????? ????????. ??? ???????? ? ?????????????, ?.?. ???????? ????? ???? ??? ??????, ? ?????? ??? ????? ?????????? ?????? ???.</span><br style="box-sizing: border-box; color: rgb(0, 0, 0); font-family: Helvetica, verdana, arial, tahoma, sans-serif; font-size: 15px; line-height: 23px;"><br style="box-sizing: border-box; color: rgb(0, 0, 0); font-family: Helvetica, verdana, arial, tahoma, sans-serif; font-size: 15px; line-height: 23px;"><span style="color: rgb(0, 0, 0); font-family: Helvetica, verdana, arial, tahoma, sans-serif; font-size: 15px; line-height: 23px;">??, ????????? ? ?????? ?????. ????? ???????????? ????? ??? ??????????? ????????????, ????? ????? ?????? ?????, ?? ??????? ?? ????????. ? ???? ??????? ?? ???? ? ??????? ??????? ? ?????????? ????? ???? ?????. ???????, ????????????? ????? ???? ???-??? ??????, ??? ???????, ????? ????? ?????-?? ????? ?? ?????, ??????????? ??? ???????????? ?????? ????? ??? ????????? ?? ?????. ?? ? ????? ?????? ?????? ?????????? ?????? ????? ????? ?????? ????, ??? ?? ? ????? ?????? ????????????. ??????? ??? ? ???, ??? ?????????? ????? ?????? ?????????? ????????????? ? ??????? ?? ?? ?????, ??????? ?????? ???? ????? ?? ??????? ?? ???, ????? ???????? ?????? ????? ?????.</span><br style="box-sizing: border-box; color: rgb(0, 0, 0); font-family: Helvetica, verdana, arial, tahoma, sans-serif; font-size: 15px; line-height: 23px;"><br style="box-sizing: border-box; color: rgb(0, 0, 0); font-family: Helvetica, verdana, arial, tahoma, sans-serif; font-size: 15px; line-height: 23px;"><span style="color: rgb(0, 0, 0); font-family: Helvetica, verdana, arial, tahoma, sans-serif; font-size: 15px; line-height: 23px;">?? ??? ??? ?? ????? ??????? ???????? ??????? ???????. ????????, ??? ?? ???? ????? ????, ??????? ????????? ????? ????? ????????? ????????. ? ???? ??? ?????? ???????? ????????????? ??????????? ??? ?????????. ?, ???????????, ???????????? ????? ??????????? ?? ??????? ???????? (????????, ?? ?? ID). ??? ???, ????? ??????? ????? ??????? ??????? ??????????? ? ???, ??? ??? ?????? ????? ??????????? ????? ??????? ?????????? ???????????? ??????. ???? ?? ??????? ?? ????????? ?????? ????????.</span><br style="box-sizing: border-box; color: rgb(0, 0, 0); font-family: Helvetica, verdana, arial, tahoma, sans-serif; font-size: 15px; line-height: 23px;"><br style="box-sizing: border-box; color: rgb(0, 0, 0); font-family: Helvetica, verdana, arial, tahoma, sans-serif; font-size: 15px; line-height: 23px;"><span style="color: rgb(0, 0, 0); font-family: Helvetica, verdana, arial, tahoma, sans-serif; font-size: 15px; line-height: 23px;">??????? ?????? ??????? ???????? ????? ?? ???????? ???? ?? ??????.</span><br style="box-sizing: border-box; color: rgb(0, 0, 0); font-family: Helvetica, verdana, arial, tahoma, sans-serif; font-size: 15px; line-height: 23px;"><br style="box-sizing: border-box; color: rgb(0, 0, 0); font-family: Helvetica, verdana, arial, tahoma, sans-serif; font-size: 15px; line-height: 23px;"><b style="box-sizing: border-box; color: rgb(0, 0, 0); font-family: Helvetica, verdana, arial, tahoma, sans-serif; font-size: 15px; line-height: 23px;">?? ??????:</b><br style="box-sizing: border-box; color: rgb(0, 0, 0); font-family: Helvetica, verdana, arial, tahoma, sans-serif; font-size: 15px; line-height: 23px;"><ul style="box-sizing: border-box; margin-bottom: 0px; margin-left: 0px; padding-left: 20px; color: rgb(0, 0, 0); font-family: Helvetica, verdana, arial, tahoma, sans-serif; font-size: 15px; line-height: 23px;"><li style="box-sizing: border-box; margin: 0px; padding: 0px;">???????? ??????????. ?????? ??????? ????? ?????? ?????? ???????????? ?? ???????. ????????, ??? ????, ????? ?????? ??????? ?????????? ??????????, Proof on Concept, etc.</li><li style="box-sizing: border-box; margin: 0px; padding: 0px;">?????????? ????????????? ? ?????????????? ????????? ??? ????? ???????? ? ??????????.</li></ul><br style="box-sizing: border-box; color: rgb(0, 0, 0); font-family: Helvetica, verdana, arial, tahoma, sans-serif; font-size: 15px; line-height: 23px;"><b style="box-sizing: border-box; color: rgb(0, 0, 0); font-family: Helvetica, verdana, arial, tahoma, sans-serif; font-size: 15px; line-height: 23px;">?????? ? ???????:&nbsp;</b><br style="box-sizing: border-box; color: rgb(0, 0, 0); font-family: Helvetica, verdana, arial, tahoma, sans-serif; font-size: 15px; line-height: 23px;"><ul style="box-sizing: border-box; margin-bottom: 0px; margin-left: 0px; padding-left: 20px; color: rgb(0, 0, 0); font-family: Helvetica, verdana, arial, tahoma, sans-serif; font-size: 15px; line-height: 23px;"><li style="box-sizing: border-box; margin: 0px; padding: 0px;">?????? ????? ??????????? ?????? ?????, ??? ??? ???????? ???????? ?? ???????? ????? ???????.</li><li style="box-sizing: border-box; margin: 0px; padding: 0px;">? ???, ?????? ?????, ??????? ?? ????? ????????????? ??????????????? ??????????????.</li><li style="box-sizing: border-box; margin: 0px; padding: 0px;">????????????? ???????? ??????? ? ???????.</li></ul><br style="box-sizing: border-box; color: rgb(0, 0, 0); font-family: Helvetica, verdana, arial, tahoma, sans-serif; font-size: 15px; line-height: 23px;"><br style="box-sizing: border-box; color: rgb(0, 0, 0); font-family: Helvetica, verdana, arial, tahoma, sans-serif; font-size: 15px; line-height: 23px;"><h1 style="box-sizing: border-box; color: rgb(79, 97, 115); font-size: 17px; line-height: 22px; margin-top: 0px; padding: 0px; font-family: Helvetica, verdana, arial, tahoma, sans-serif; letter-spacing: normal;">????????? ????? ??? ??????</h1><br style="box-sizing: border-box; color: rgb(0, 0, 0); font-family: Helvetica, verdana, arial, tahoma, sans-serif; font-size: 15px; line-height: 23px;"><span style="color: rgb(0, 0, 0); font-family: Helvetica, verdana, arial, tahoma, sans-serif; font-size: 15px; line-height: 23px;">??????? ???????? ? ???????? ??????? ? ?????? ???????. ??? ???? ??? ??????? ???????????? ??????? ??? ??????? ????????? ????? ? ????????? ?? ?????? ???, ????? ??? ?????? ????? ??????? ???-?? ?????? ??????? ???????, ?? ????? ?????? ????? ??????? ????? ?????? ? ????????????????? ????? ??? ???????????. ???? ?????? ???? ????? ????????, ?? ?????? ????? ???????? ? ??? ???? ???. ????? ?????? ? ???  ??? ????? ??????????? ?????? ???????? ???? ????? ????????????????? ????? ? ??????? ????????????.</span><br style="box-sizing: border-box; color: rgb(0, 0, 0); font-family: Helvetica, verdana, arial, tahoma, sans-serif; font-size: 15px; line-height: 23px;"><br style="box-sizing: border-box; color: rgb(0, 0, 0); font-family: Helvetica, verdana, arial, tahoma, sans-serif; font-size: 15px; line-height: 23px;"><img src="http://habrastorage.org/files/344/855/668/344855668c11447f9b86e6f462badfca.jpg" style="box-sizing: border-box; width: auto; color: rgb(0, 0, 0); font-family: Helvetica, verdana, arial, tahoma, sans-serif; font-size: 15px; line-height: 23px;"><br style="box-sizing: border-box; color: rgb(0, 0, 0); font-family: Helvetica, verdana, arial, tahoma, sans-serif; font-size: 15px; line-height: 23px;"><br style="box-sizing: border-box; color: rgb(0, 0, 0); font-family: Helvetica, verdana, arial, tahoma, sans-serif; font-size: 15px; line-height: 23px;"><span style="color: rgb(0, 0, 0); font-family: Helvetica, verdana, arial, tahoma, sans-serif; font-size: 15px; line-height: 23px;">? ???, ??? ?? ?????????? ????? ???????????? ?????? ???-?? ?????? ??? ? ? ?????????? ??????, ???? ???????????? ? ?????? ????????. ?? ?????? ?? ????????????? ?????? ????? ????? ? ????? ??????? ?????????? (?? ????? ????, ?? ???? ???????? ?????????, ?????? ? ?????? ?????, ?????? ?????????? ?? ?? ????? ??????, ? ?? ??????? ????????). ????? ???????, ? ??????? ???????????? ??????????? ??? ??????? ??? ?????? ???????????? ?????. ????? ????? ??? ?? ? ??, ??? ??? ???????????? ?????? ?? ??????? ?????, ?????????????? ????? ID ???????????, ? ?? ??????? (??? ? ?????? ? ???????? ????????). ?????????????? ?????? ?????? ????? ?? ????? ?? ?????? ????? ? ??? ???? ???????????? ?????????.</span><br style="box-sizing: border-box; color: rgb(0, 0, 0); font-family: Helvetica, verdana, arial, tahoma, sans-serif; font-size: 15px; line-height: 23px;"><br style="box-sizing: border-box; color: rgb(0, 0, 0); font-family: Helvetica, verdana, arial, tahoma, sans-serif; font-size: 15px; line-height: 23px;"><span style="color: rgb(0, 0, 0); font-family: Helvetica, verdana, arial, tahoma, sans-serif; font-size: 15px; line-height: 23px;">?? ?????? ?????? ????? ??????????, ??? ???????? ????? ????? ??? ??????? ?????????? (???????? ???? ?? ??????? ?????) ????? ?????????? ?????? ????????? ??????. ?? ???? ?? ????????????? ?? ????-???, ??????? ?????????? ?? ???????, ???? ??????? ???????????? ????? ???????? ???? ????????? ?????. ???? ?? ????? ?????? ??? ??? ?????? ??????????, ? ??????? ?? ??????. ?.?. ???????????? ?????????? ?? ??????????? ?????, ???? ??? ?????? ?????????????? ? ????? ??????? ??? ??????????.&nbsp;</span><br style="box-sizing: border-box; color: rgb(0, 0, 0); font-family: Helvetica, verdana, arial, tahoma, sans-serif; font-size: 15px; line-height: 23px;"><br style="box-sizing: border-box; color: rgb(0, 0, 0); font-family: Helvetica, verdana, arial, tahoma, sans-serif; font-size: 15px; line-height: 23px;"><span style="color: rgb(0, 0, 0); font-family: Helvetica, verdana, arial, tahoma, sans-serif; font-size: 15px; line-height: 23px;">???? ??? ????, ???? ????? ???????? ??????????  ??? ????????????? ???-?? ??????? ??? ???? ????????????????? ?????. ?.?. ??? ????????????? ? ?????????????? ????????. ? ???? ? ???????????? ???? 15.000 ??????????, ?? ??? ????????, ??? ???? ??? ??????? ????? ????????? ????????? ? 15.000 ??????? ?????. ? ??? ???????? ??? ?????? ?? ?????.</span><br style="box-sizing: border-box; color: rgb(0, 0, 0); font-family: Helvetica, verdana, arial, tahoma, sans-serif; font-size: 15px; line-height: 23px;"><br style="box-sizing: border-box; color: rgb(0, 0, 0); font-family: Helvetica, verdana, arial, tahoma, sans-serif; font-size: 15px; line-height: 23px;"><span style="color: rgb(0, 0, 0); font-family: Helvetica, verdana, arial, tahoma, sans-serif; font-size: 15px; line-height: 23px;">? ????????? ? ????????????? ? ???????????.</span><br style="box-sizing: border-box; color: rgb(0, 0, 0); font-family: Helvetica, verdana, arial, tahoma, sans-serif; font-size: 15px; line-height: 23px;"><br style="box-sizing: border-box; color: rgb(0, 0, 0); font-family: Helvetica, verdana, arial, tahoma, sans-serif; font-size: 15px; line-height: 23px;"><b style="box-sizing: border-box; color: rgb(0, 0, 0); font-family: Helvetica, verdana, arial, tahoma, sans-serif; font-size: 15px; line-height: 23px;">?? ??????:</b><br style="box-sizing: border-box; color: rgb(0, 0, 0); font-family: Helvetica, verdana, arial, tahoma, sans-serif; font-size: 15px; line-height: 23px;"><ul style="box-sizing: border-box; margin-bottom: 0px; margin-left: 0px; padding-left: 20px; color: rgb(0, 0, 0); font-family: Helvetica, verdana, arial, tahoma, sans-serif; font-size: 15px; line-height: 23px;"><li style="box-sizing: border-box; margin: 0px; padding: 0px;">????? ??????????? ??????? ?????? ??? ?????????? ??????????. ?????????? ?????????? ????? ???????? ?? ????????? ?????? ???????? ?????, ?? ??????? ?????.</li><li style="box-sizing: border-box; margin: 0px; padding: 0px;">????? ????????? ?????????? ?????? ?? ???????? ???????????? ????.</li></ul><br style="box-sizing: border-box; color: rgb(0, 0, 0); font-family: Helvetica, verdana, arial, tahoma, sans-serif; font-size: 15px; line-height: 23px;"><b style="box-sizing: border-box; color: rgb(0, 0, 0); font-family: Helvetica, verdana, arial, tahoma, sans-serif; font-size: 15px; line-height: 23px;">? ???????:</b><br style="box-sizing: border-box; color: rgb(0, 0, 0); font-family: Helvetica, verdana, arial, tahoma, sans-serif; font-size: 15px; line-height: 23px;"><ul style="box-sizing: border-box; margin-bottom: 0px; margin-left: 0px; padding-left: 20px; color: rgb(0, 0, 0); font-family: Helvetica, verdana, arial, tahoma, sans-serif; font-size: 15px; line-height: 23px;"><li style="box-sizing: border-box; margin: 0px; padding: 0px;">???????? ????? ???????? ?????????? ??????????? ????? ??????????? ???????? ?????.</li><li style="box-sizing: border-box; margin: 0px; padding: 0px;">????????????? ? ?????????????? ????????? ??? ????????????????? ????.</li></ul><br style="box-sizing: border-box; color: rgb(0, 0, 0); font-family: Helvetica, verdana, arial, tahoma, sans-serif; font-size: 15px; line-height: 23px;"><br style="box-sizing: border-box; color: rgb(0, 0, 0); font-family: Helvetica, verdana, arial, tahoma, sans-serif; font-size: 15px; line-height: 23px;"><h1 style="box-sizing: border-box; color: rgb(79, 97, 115); font-size: 17px; line-height: 22px; margin-top: 0px; padding: 0px; font-family: Helvetica, verdana, arial, tahoma, sans-serif; letter-spacing: normal;">?????? ???????? ????????????????? ????</h1><span style="color: rgb(0, 0, 0); font-family: Helvetica, verdana, arial, tahoma, sans-serif; font-size: 15px; line-height: 23px;">??? ?? ?????????????, ?????? ??? ???????? ? ?????????? ?? ?? ?????, ??? ????? ?????? ??? ?????? ?? ???????? ?????? :-) ? ????? ??? ?? ?????? ???????? ?????? ?? MongoDB Labs, ??????? ??????????? ????? 3 ?????? ???????? ????????????????? ????. ?????? ?? ???? ??????? ??? ??? ????? ?????? ????????? ???? ??????????.</span><br style="box-sizing: border-box; color: rgb(0, 0, 0); font-family: Helvetica, verdana, arial, tahoma, sans-serif; font-size: 15px; line-height: 23px;"><br style="box-sizing: border-box; color: rgb(0, 0, 0); font-family: Helvetica, verdana, arial, tahoma, sans-serif; font-size: 15px; line-height: 23px;"><span style="color: rgb(0, 0, 0); font-family: Helvetica, verdana, arial, tahoma, sans-serif; font-size: 15px; line-height: 23px;">??????? ??????? ?????? ?????, ??? ?????? ??? ?????? ???????????? ???????? ???????????? ????? ?? ???? ?????? ?? ?????????????. ?.?. ??? ???? ???? ???????? ?? ?????? ????????? ??? ??????, ??????? ?????-???? ???????? ? ?????. ????? ???????, ?????? ??? ???????, ? ??????? ?? ????????, ?? ?????? ???????? ?????????? ??????. ??, ? ?????? ???????, ??? ????????? ????? ?????? ???????? ???????????? ?? ?????? ??? ?????, ?? ? ??? ?? ??????????? ?????, ?????? ?? ?????? ?????. ???????, ???????????? ????? ??????? ????? ? ????? ???, ?? ??? ??????? ?? ??????????? ??????? ? ??????????.</span><br style="box-sizing: border-box; color: rgb(0, 0, 0); font-family: Helvetica, verdana, arial, tahoma, sans-serif; font-size: 15px; line-height: 23px;"><br style="box-sizing: border-box; color: rgb(0, 0, 0); font-family: Helvetica, verdana, arial, tahoma, sans-serif; font-size: 15px; line-height: 23px;"><h4 style="box-sizing: border-box; color: rgb(0, 0, 0); font-size: 15px; margin-top: 0px; margin-bottom: 0px; padding: 0px; font-family: Helvetica, verdana, arial, tahoma, sans-serif;">?????????? ?? ???????</h4><br style="box-sizing: border-box; color: rgb(0, 0, 0); font-family: Helvetica, verdana, arial, tahoma, sans-serif; font-size: 15px; line-height: 23px;"><span style="color: rgb(0, 0, 0); font-family: Helvetica, verdana, arial, tahoma, sans-serif; font-size: 15px; line-height: 23px;">??? ?????? ?????????????, ??? ??? ????? ? ????? ?? ???????????? ????????? ???????? (???/????/etc.), ???????????? ? ????? ?????????. ????? ???????? ?????? ?? MongoDB Labs ???????? ???????. ? ????? ?? ????-???????????? ?????????? ??? ?????????? ??????????:</span><br style="box-sizing: border-box; color: rgb(0, 0, 0); font-family: Helvetica, verdana, arial, tahoma, sans-serif; font-size: 15px; line-height: 23px;"><br style="box-sizing: border-box; color: rgb(0, 0, 0); font-family: Helvetica, verdana, arial, tahoma, sans-serif; font-size: 15px; line-height: 23px;"><img src="http://habrastorage.org/files/e41/b8c/e32/e41b8ce325854ea4b16555427fa17e87.jpg" width="600" style="box-sizing: border-box; width: auto; color: rgb(0, 0, 0); font-family: Helvetica, verdana, arial, tahoma, sans-serif; font-size: 15px; line-height: 23px;"><br style="box-sizing: border-box; color: rgb(0, 0, 0); font-family: Helvetica, verdana, arial, tahoma, sans-serif; font-size: 15px; line-height: 23px;"><div class="spoiler" style="box-sizing: border-box; color: rgb(0, 0, 0); font-family: Helvetica, verdana, arial, tahoma, sans-serif; font-size: 15px; line-height: 23px;"><b class="spoiler_title" style="box-sizing: border-box; display: inline; border-bottom-width: 1px; border-bottom-style: dashed; color: rgb(62, 147, 227); cursor: pointer;">?????? ? MongoDB Documents</b></div><br style="box-sizing: border-box; color: rgb(0, 0, 0); font-family: Helvetica, verdana, arial, tahoma, sans-serif; font-size: 15px; line-height: 23px;"><br style="box-sizing: border-box; color: rgb(0, 0, 0); font-family: Helvetica, verdana, arial, tahoma, sans-serif; font-size: 15px; line-height: 23px;"><span style="color: rgb(0, 0, 0); font-family: Helvetica, verdana, arial, tahoma, sans-serif; font-size: 15px; line-height: 23px;">??? ??? ?? ??????, ??? ????????? ??????? ????? (????????, ????? ?????? ??????? ????/???), ????? ID ?????????, ? upsert''?? ?????????? ?????? ????? ???? ? ???? ?????. ????? ???????, ??? ????? ?? ???????????? ???????? ??????? ????? ????????????? ??? ??????? ?????????? ? ????? ?????????.&nbsp;</span><br style="box-sizing: border-box; color: rgb(0, 0, 0); font-family: Helvetica, verdana, arial, tahoma, sans-serif; font-size: 15px; line-height: 23px;"><br style="box-sizing: border-box; color: rgb(0, 0, 0); font-family: Helvetica, verdana, arial, tahoma, sans-serif; font-size: 15px; line-height: 23px;"><span style="color: rgb(0, 0, 0); font-family: Helvetica, verdana, arial, tahoma, sans-serif; font-size: 15px; line-height: 23px;">???? ?? ??????? ???? ????, ?? ??????? ?? ?????????, ???????? 23 ?????, ?? ?? ????????? ?????? ?????? ???????????? ????? ????? 23 ??????. ???? ??, ????????, ?? ????????? 10 ???? ????? ?????? ?? ????, ?? ? ????? ?????? ??????????? ?? ?????. ??? ??? ? ???????????? ??????? ???? ?????? ????? ?????? ??????.</span><br style="box-sizing: border-box; color: rgb(0, 0, 0); font-family: Helvetica, verdana, arial, tahoma, sans-serif; font-size: 15px; line-height: 23px;"><br style="box-sizing: border-box; color: rgb(0, 0, 0); font-family: Helvetica, verdana, arial, tahoma, sans-serif; font-size: 15px; line-height: 23px;"><span style="color: rgb(0, 0, 0); font-family: Helvetica, verdana, arial, tahoma, sans-serif; font-size: 15px; line-height: 23px;">????? ??????? ??????????? ?????? ???????? ??, ??? ??????????? ?????? ????? ???????????????? ???????. ????????, ? ??????? ??? ?????? ????????? ?????, ? ? ??? ? ?????? ????? ????????? ????? ???????. ? ?? ????????? ???? ??? ????, ? ? ????? ????????? ?????? ????? 1-2 ??????. ??? ????? ???, ??? ?? ?? ??????, ??????? ?????????? ??? ???? ????????? ??? ????, ????? ???????????? ?????? ????? ????? (???? ??????). ? ??? ????? ???????? ????????? ???????????? ?????? ????????? ? 16??.</span><br style="box-sizing: border-box; color: rgb(0, 0, 0); font-family: Helvetica, verdana, arial, tahoma, sans-serif; font-size: 15px; line-height: 23px;"><br style="box-sizing: border-box; color: rgb(0, 0, 0); font-family: Helvetica, verdana, arial, tahoma, sans-serif; font-size: 15px; line-height: 23px;"><h4 style="box-sizing: border-box; color: rgb(0, 0, 0); font-size: 15px; margin-top: 0px; margin-bottom: 0px; padding: 0px; font-family: Helvetica, verdana, arial, tahoma, sans-serif;">?????????? ?? ???????</h4><br style="box-sizing: border-box; color: rgb(0, 0, 0); font-family: Helvetica, verdana, arial, tahoma, sans-serif; font-size: 15px; line-height: 23px;"><span style="color: rgb(0, 0, 0); font-family: Helvetica, verdana, arial, tahoma, sans-serif; font-size: 15px; line-height: 23px;">???? ????????????????? ??????? ??????? ???????? ??? ?????? ???????, ????? ??????????? ?????? ????? ?? ?????????? ??????? ? ???.&nbsp;</span><br style="box-sizing: border-box; color: rgb(0, 0, 0); font-family: Helvetica, verdana, arial, tahoma, sans-serif; font-size: 15px; line-height: 23px;"><br style="box-sizing: border-box; color: rgb(0, 0, 0); font-family: Helvetica, verdana, arial, tahoma, sans-serif; font-size: 15px; line-height: 23px;"><img src="http://habrastorage.org/files/948/555/e41/948555e414ba4880ba8099ccf1fdb6d4.jpg" width="600" style="box-sizing: border-box; width: auto; color: rgb(0, 0, 0); font-family: Helvetica, verdana, arial, tahoma, sans-serif; font-size: 15px; line-height: 23px;"><br style="box-sizing: border-box; color: rgb(0, 0, 0); font-family: Helvetica, verdana, arial, tahoma, sans-serif; font-size: 15px; line-height: 23px;"><div class="spoiler" style="box-sizing: border-box; color: rgb(0, 0, 0); font-family: Helvetica, verdana, arial, tahoma, sans-serif; font-size: 15px; line-height: 23px;"><b class="spoiler_title" style="box-sizing: border-box; display: inline; border-bottom-width: 1px; border-bottom-style: dashed; color: rgb(62, 147, 227); cursor: pointer;">?????? ? MongoDB Documents</b></div><br style="box-sizing: border-box; color: rgb(0, 0, 0); font-family: Helvetica, verdana, arial, tahoma, sans-serif; font-size: 15px; line-height: 23px;"><br style="box-sizing: border-box; color: rgb(0, 0, 0); font-family: Helvetica, verdana, arial, tahoma, sans-serif; font-size: 15px; line-height: 23px;"><span style="color: rgb(0, 0, 0); font-family: Helvetica, verdana, arial, tahoma, sans-serif; font-size: 15px; line-height: 23px;">??????? ??????. ????????? ????? ?? ????? ? 50 ???????. ????? ?????? 50 ?????? ?? ?????????? ? ?????? ????? ????????????. ????? ??????? ????? 51-?? ?????, ??????? ?????? ????? ??? ????? ?? ????????????, ? ????? ???? ???? ? ????????? 50 ??????. ? ??? ?????. ????? ???????? ??????? ?? ?????? ???????? ? ???????????? ? ??????????????? ????????. ?? ????? ?????? ???????? ?? ?????? ???????? ? 2 ???? ?????????, ??? ??????????. ???????? ??? ? ???, ??? ??? ?????? ??????? ?????? ????? ?????????? ????????? ???????? ?? ?? ?????????????? ?????? ??? ???. ? ???? ????????, ?? ????????? ????? ????? ? ?????? ? ??? ? ????.</span><br style="box-sizing: border-box; color: rgb(0, 0, 0); font-family: Helvetica, verdana, arial, tahoma, sans-serif; font-size: 15px; line-height: 23px;"><br style="box-sizing: border-box; color: rgb(0, 0, 0); font-family: Helvetica, verdana, arial, tahoma, sans-serif; font-size: 15px; line-height: 23px;"><span style="color: rgb(0, 0, 0); font-family: Helvetica, verdana, arial, tahoma, sans-serif; font-size: 15px; line-height: 23px;">??? ??? ? ????? ??????? ???? ?????? ?????? ???????? ???????????, ? ? ?????? ??????? ?????. ??????? ????? ?????? ????? ???????? ?? ?????????? ?????????? ? ????? ???????.</span><br style="box-sizing: border-box; color: rgb(0, 0, 0); font-family: Helvetica, verdana, arial, tahoma, sans-serif; font-size: 15px; line-height: 23px;"><br style="box-sizing: border-box; color: rgb(0, 0, 0); font-family: Helvetica, verdana, arial, tahoma, sans-serif; font-size: 15px; line-height: 23px;"><h4 style="box-sizing: border-box; color: rgb(0, 0, 0); font-size: 15px; margin-top: 0px; margin-bottom: 0px; padding: 0px; font-family: Helvetica, verdana, arial, tahoma, sans-serif;">???????? ???</h4><br style="box-sizing: border-box; color: rgb(0, 0, 0); font-family: Helvetica, verdana, arial, tahoma, sans-serif; font-size: 15px; line-height: 23px;"><span style="color: rgb(0, 0, 0); font-family: Helvetica, verdana, arial, tahoma, sans-serif; font-size: 15px; line-height: 23px;">?, ???????, ????????? ?????? ???????? ?????, ??????? ?????? ?????? ???-??? ???????????? ????????. ???, ?? ??????? ????, ?????????????? ??.</span><br style="box-sizing: border-box; color: rgb(0, 0, 0); font-family: Helvetica, verdana, arial, tahoma, sans-serif; font-size: 15px; line-height: 23px;"><br style="box-sizing: border-box; color: rgb(0, 0, 0); font-family: Helvetica, verdana, arial, tahoma, sans-serif; font-size: 15px; line-height: 23px;"><img src="http://habrastorage.org/files/c15/711/b03/c15711b03bb042fd8a321e0c103d7dfe.jpg" width="600" style="box-sizing: border-box; width: auto; color: rgb(0, 0, 0); font-family: Helvetica, verdana, arial, tahoma, sans-serif; font-size: 15px; line-height: 23px;"><br style="box-sizing: border-box; color: rgb(0, 0, 0); font-family: Helvetica, verdana, arial, tahoma, sans-serif; font-size: 15px; line-height: 23px;"><div class="spoiler" style="box-sizing: border-box; color: rgb(0, 0, 0); font-family: Helvetica, verdana, arial, tahoma, sans-serif; font-size: 15px; line-height: 23px;"><b class="spoiler_title" style="box-sizing: border-box; display: inline; border-bottom-width: 1px; border-bottom-style: dashed; color: rgb(62, 147, 227); cursor: pointer;">?????? ? MongoDB Documents</b></div><br style="box-sizing: border-box; color: rgb(0, 0, 0); font-family: Helvetica, verdana, arial, tahoma, sans-serif; font-size: 15px; line-height: 23px;"><br style="box-sizing: border-box; color: rgb(0, 0, 0); font-family: Helvetica, verdana, arial, tahoma, sans-serif; font-size: 15px; line-height: 23px;"><span style="color: rgb(0, 0, 0); font-family: Helvetica, verdana, arial, tahoma, sans-serif; font-size: 15px; line-height: 23px;">???????? ???? ???? ?????? ??????????? ? ???, ??? ?? ???????? ????????? ?????????? ????????? ??????, ? ?? ?????? ??? ???????. ?.?. ?? ???? ?????? ????? ???????????? ?? ???? capped-array, ???????? ????????? ?????????? ???????. ? MongoDB (??????? ? ?????? 2.4) ??? ???????? ????? ?????? ????????? ????????? $push ? $slice.</span><br style="box-sizing: border-box; color: rgb(0, 0, 0); font-family: Helvetica, verdana, arial, tahoma, sans-serif; font-size: 15px; line-height: 23px;"><br style="box-sizing: border-box; color: rgb(0, 0, 0); font-family: Helvetica, verdana, arial, tahoma, sans-serif; font-size: 15px; line-height: 23px;"><span style="color: rgb(0, 0, 0); font-family: Helvetica, verdana, arial, tahoma, sans-serif; font-size: 15px; line-height: 23px;">?????? ?? ?????? ??????? ????? ?????????. ??-??????, ??? ???? ????????? ????? ???? ????????. ??? ??? ?????? ???? ????? ????? ???????, ?.?. ? ??? ??????????? ?????-???? ????????, ? ??????? ?? ?????????? ??????. ??-??????, ??? ????????? ????? ??? ???? ?????? ?????-???? ????? ???? ????????.&nbsp;</span><br style="box-sizing: border-box; color: rgb(0, 0, 0); font-family: Helvetica, verdana, arial, tahoma, sans-serif; font-size: 15px; line-height: 23px;"><br style="box-sizing: border-box; color: rgb(0, 0, 0); font-family: Helvetica, verdana, arial, tahoma, sans-serif; font-size: 15px; line-height: 23px;"><span style="color: rgb(0, 0, 0); font-family: Helvetica, verdana, arial, tahoma, sans-serif; font-size: 15px; line-height: 23px;">?????. ???? ???????????? ?????????? ????? ?? ??????? ? ??? ??????, ?? ?? ????? ?????? ??????? ??? ???. ????? ???????, ?? ???????? ?????????? ????????????? ?? ???????? ???????? ????????????????? ????, ??????????? ??????? ????? ????????. ???? ?? ?????????? ???????????? ????? ????? ?????????, ?????? ????? ???, ?? ????? ???????? ??? ???? ????????? ???. ????????? ??? ??????????? ??????? ????? ????????? fallback ? ??????? ???????? ?? ??????.&nbsp;</span><br style="box-sizing: border-box; color: rgb(0, 0, 0); font-family: Helvetica, verdana, arial, tahoma, sans-serif; font-size: 15px; line-height: 23px;"><br style="box-sizing: border-box; color: rgb(0, 0, 0); font-family: Helvetica, verdana, arial, tahoma, sans-serif; font-size: 15px; line-height: 23px;"><span style="color: rgb(0, 0, 0); font-family: Helvetica, verdana, arial, tahoma, sans-serif; font-size: 15px; line-height: 23px;">????? ???????, ?????? ?????? ???????? ???????? ???????? ????? ???, ????? ??????? ??? ????? ??? ??????? ???????????? ? ???, ????? ??????? ??? ????? ?? ?????? ??????.</span><br style="box-sizing: border-box; color: rgb(0, 0, 0); font-family: Helvetica, verdana, arial, tahoma, sans-serif; font-size: 15px; line-height: 23px;"><br style="box-sizing: border-box; color: rgb(0, 0, 0); font-family: Helvetica, verdana, arial, tahoma, sans-serif; font-size: 15px; line-height: 23px;"><h4 style="box-sizing: border-box; color: rgb(0, 0, 0); font-size: 15px; margin-top: 0px; margin-bottom: 0px; padding: 0px; font-family: Helvetica, verdana, arial, tahoma, sans-serif;">Embedding vs Linking</h4><br style="box-sizing: border-box; color: rgb(0, 0, 0); font-family: Helvetica, verdana, arial, tahoma, sans-serif; font-size: 15px; line-height: 23px;"><span style="color: rgb(0, 0, 0); font-family: Helvetica, verdana, arial, tahoma, sans-serif; font-size: 15px; line-height: 23px;">? ??? ???? ?????? ?????? ?????????? ???????? ????? ? ????: ??????? ??????? ?????? ??? ?????? ???????</span><br style="box-sizing: border-box; color: rgb(0, 0, 0); font-family: Helvetica, verdana, arial, tahoma, sans-serif; font-size: 15px; line-height: 23px;"><br style="box-sizing: border-box; color: rgb(0, 0, 0); font-family: Helvetica, verdana, arial, tahoma, sans-serif; font-size: 15px; line-height: 23px;"><span style="color: rgb(0, 0, 0); font-family: Helvetica, verdana, arial, tahoma, sans-serif; font-size: 15px; line-height: 23px;">?????? ? ????????? ?????? ????? ?????? ????? ? ?????? ????? ?????, ???? ??????? ?????? ????? ?????????? ? ??????? ?????????? ???????. ? ???????? ?????????? ??????? ????? ???????? Twitter ? ??? 140-??????????? ?????????.</span><br style="box-sizing: border-box; color: rgb(0, 0, 0); font-family: Helvetica, verdana, arial, tahoma, sans-serif; font-size: 15px; line-height: 23px;"><br style="box-sizing: border-box; color: rgb(0, 0, 0); font-family: Helvetica, verdana, arial, tahoma, sans-serif; font-size: 15px; line-height: 23px;"><span style="color: rgb(0, 0, 0); font-family: Helvetica, verdana, arial, tahoma, sans-serif; font-size: 15px; line-height: 23px;">? ????? ?? ?????? ?????????? ?????? ??????, ????? ?? ?????? ID ????? ?, ????????, ?????-?? ????-?????? (????????, ID ??????, ???? ?????????? ? ??????). ??????? ?? ???????????? ?????? ??? ?????????????. ??? ??? ??????? ??? ???? ID ????? ????? ????? ????? ? ??????.</span><br style="box-sizing: border-box; color: rgb(0, 0, 0); font-family: Helvetica, verdana, arial, tahoma, sans-serif; font-size: 15px; line-height: 23px;"><br style="box-sizing: border-box; color: rgb(0, 0, 0); font-family: Helvetica, verdana, arial, tahoma, sans-serif; font-size: 15px; line-height: 23px;"><h1 style="box-sizing: border-box; color: rgb(79, 97, 115); font-size: 17px; line-height: 22px; margin-top: 0px; padding: 0px; font-family: Helvetica, verdana, arial, tahoma, sans-serif; letter-spacing: normal;">???, ???? ? ????? ??????</h1><br style="box-sizing: border-box; color: rgb(0, 0, 0); font-family: Helvetica, verdana, arial, tahoma, sans-serif; font-size: 15px; line-height: 23px;"><span style="color: rgb(0, 0, 0); font-family: Helvetica, verdana, arial, tahoma, sans-serif; font-size: 15px; line-height: 23px;">? XXI ???? ?? ??????? ?????? ?????????? ???????? 100500 ?????????? ?? ?????? ?????? ?????. ??????????????, ??? ??????? ???????????? ?????????? ???? ?????? ??? 100500 ????????. ?????? ?????? ?????????? ?????? ?????&nbsp;</span><a href="https://getstream.io/" style="box-sizing: border-box; color: rgb(189, 111, 218); font-family: Helvetica, verdana, arial, tahoma, sans-serif; font-size: 15px; line-height: 23px;">?????</a><span style="color: rgb(0, 0, 0); font-family: Helvetica, verdana, arial, tahoma, sans-serif; font-size: 15px; line-height: 23px;">.</span><br style="box-sizing: border-box; color: rgb(0, 0, 0); font-family: Helvetica, verdana, arial, tahoma, sans-serif; font-size: 15px; line-height: 23px;"><br style="box-sizing: border-box; color: rgb(0, 0, 0); font-family: Helvetica, verdana, arial, tahoma, sans-serif; font-size: 15px; line-height: 23px;"><span style="color: rgb(0, 0, 0); font-family: Helvetica, verdana, arial, tahoma, sans-serif; font-size: 15px; line-height: 23px;">?? ???? ? ???? ???. ???? ???? ??????? ? ???, ??? ?????????? ???? ??? ??????? ???? ??????? ???????????? ????????? ????? ???????? ?? ???????. ?? ?? ??????????? ????? ???? ??????? ? ????????, ?????? ?? ??????? ????? ?????? ???????? ? ????? ?????????? ????????.</span><br> ', 'URL image', '2015-08-26 14:43:48', '2015-09-08 10:25:32', 0, 0, 0, 0, 'URL', '<img src="http://habrastorage.org/files/04b/58b/804/04b58b8049ce4e1db470d07c140668a2.png" style="box-sizing: border-box; width: auto; color: rgb(0, 0, 0); font-family: Helvetica, verdana, arial, tahoma, sans-serif; font-size: 15px; line-height: 23px;"><br style="box-sizing: border-box; color: rgb(0, 0, 0); font-family: Helvetica, verdana, arial, tahoma, sans-serif; font-size: 15px; line-height: 23px;"><br style="box-sizing: border-box; color: rgb(0, 0, 0); font-family: Helvetica, verdana, arial, tahoma, sans-serif; font-size: 15px; line-height: 23px;"><span style="color: rgb(0, 0, 0); font-family: Helvetica, verdana, arial, tahoma, sans-serif; font-size: 15px; line-height: 23px;">??? ?????????, ??? ?? ????????? ???? ??? ? ????? ????????????? ? ?????????? ?????????? ?????????? ?????. ??????? ??????, ??????? ??????????? ?????? ? ?????? ?? ???? ????????, ??????????? ? ???????????? ????????? ????? ????????????.', 0),
(3, 'Second post in my blog!', 'Clean post(((((', 'URL image', '2015-08-26 14:48:34', '2015-09-08 10:23:32', 0, 0, 0, 0, 'URL', 'Clean post(((((', 0),
(9, 'Handlebars #each in a Play Scala View', 'If youre using Play Scala views with Handlebars in them, and you get errors that look like these:\r\n\r\nnot found: value key\r\nIn /home/phil/myproject/app/views/myview.scala.html at line 108.\r\nor\r\n\r\nnot found: value index\r\nIn /home/phil/myproject/app/views/myview.scala.html at line 108.\r\nIts probably because youre using {{@index}} when iterating through an array with {{#each myarray}} or {{@key}} when iterating through an objects properties.\r\n\r\nThis happens because Play framework views are Scala, and the @ character is a special character. Scala thinks youre trying to access a Scala value (and comes back with the error above). Youll need to escape it with @@ so Scala will pass it along as just a single @ for Handlebars to see. It looks like this:\r\n\r\n{{#each objects}}\r\n  {{@key}}:{{this}}\r\n{{/each}}\r\n', 'URL image', '2015-08-27 11:43:00', '2015-09-08 10:23:00', 0, 0, 0, 0, 'URL', 'If youre using Play Scala views with Handlebars in them, and you get errors that look like these:', 0),
(16, 'Spring', '<p>Spring comes with MultipartResolver to handle file upload in web application. The CommonsMultipartResolver is a common MultipartResolver implementation, which use the Apache commons upload library to handle the file upload in a form. In this tutorial, it shows how to handle the file upload in Spring MVC web application.</p>\r\n<p>1. File Upload Dependency</p>\r\n<p>To use CommonsMultipartResolver to handle the file upload, you need to get the commons-fileupload.jar andcommons-io.jar libraries.</p>\r\n<p>&lt;!-- Spring framework --&gt; <br /> &lt;dependency&gt;<br /> &lt;groupId&gt;org.springframework&lt;/groupId&gt;<br /> &lt;artifactId&gt;spring&lt;/artifactId&gt;<br /> &lt;version&gt;2.5.6&lt;/version&gt;<br /> &lt;/dependency&gt;<br /> <br /> &lt;!-- Spring MVC framework --&gt; <br /> &lt;dependency&gt;<br /> &lt;groupId&gt;org.springframework&lt;/groupId&gt;<br /> &lt;artifactId&gt;spring-webmvc&lt;/artifactId&gt;<br /> &lt;version&gt;2.5.6&lt;/version&gt;<br /> &lt;/dependency&gt;<br /> <br /> &lt;!-- Apache Commons Upload --&gt; <br /> &lt;dependency&gt;<br /> &lt;groupId&gt;commons-fileupload&lt;/groupId&gt;<br /> &lt;artifactId&gt;commons-fileupload&lt;/artifactId&gt;<br /> &lt;version&gt;1.2.2&lt;/version&gt;<br /> &lt;/dependency&gt;</p>\r\n<p>&lt;!-- Apache Commons Upload --&gt; <br /> &lt;dependency&gt;<br /> &lt;groupId&gt;commons-io&lt;/groupId&gt;<br /> &lt;artifactId&gt;commons-io&lt;/artifactId&gt;<br /> &lt;version&gt;1.3.2&lt;/version&gt;<br /> &lt;/dependency&gt;<br /> <br /> &lt;!-- JSTL --&gt; <br /> &lt;dependency&gt;<br /> &lt;groupId&gt;javax.servlet&lt;/groupId&gt;<br /> &lt;artifactId&gt;jstl&lt;/artifactId&gt;<br /> &lt;version&gt;1.1.2&lt;/version&gt;<br /> &lt;/dependency&gt;<br /> <br /> &lt;dependency&gt;<br /> &lt;groupId&gt;taglibs&lt;/groupId&gt;<br /> &lt;artifactId&gt;standard&lt;/artifactId&gt;<br /> &lt;version&gt;1.1.2&lt;/version&gt;<br /> &lt;/dependency&gt;<br /> <br />2. Model</p>\r\n<p>Create a MultipartFile variable to store the uploaded file. Alternatively, you can use the byte[] to store it, but i more prefer to use the MultipartFile, because it can get the uploaded file detail (file name, file size &hellip;) easily.</p>\r\n<p>File : FileUpload.java</p>\r\n<p>package com.mkyong.common.model;<br />import org.springframework.web.multipart.MultipartFile;</p>\r\n<p>public class FileUpload{<br /> <br /> MultipartFile file;<br /> //getter and setter methods</p>\r\n<p>}<br /> <br />3. File Upload Controller</p>\r\n<p>Extends the SimpleFormController and handle the file upload form like a normal form.</p>\r\n<p>File : FileUploadController.java</p>\r\n<p>package com.mkyong.common.controller;</p>\r\n<p>import javax.servlet.http.HttpServletRequest;<br />import javax.servlet.http.HttpServletResponse;<br />import org.springframework.validation.BindException;<br />import org.springframework.web.multipart.MultipartFile;<br />import org.springframework.web.servlet.ModelAndView;<br />import org.springframework.web.servlet.mvc.SimpleFormController;</p>\r\n<p>import com.mkyong.common.model.FileUpload;</p>\r\n<p>public class FileUploadController extends SimpleFormController{<br /> <br /> public FileUploadController(){<br /> setCommandClass(FileUpload.class);<br /> setCommandName("fileUploadForm");<br /> }<br /> <br /> @Override<br /> protected ModelAndView onSubmit(HttpServletRequest request,<br /> HttpServletResponse response, Object command, BindException errors)<br /> throws Exception {<br /> <br /> FileUpload file = (FileUpload)command;<br /> <br /> MultipartFile multipartFile = file.getFile();<br /> <br /> String fileName="";</p>\r\n<p>if(multipartFile!=null){<br /> fileName = multipartFile.getOriginalFilename();<br /> //do whatever you want<br /> }<br /> <br /> return new ModelAndView("FileUploadSuccess","fileName",fileName);<br /> }<br />}<br />Note<br />If you are using the byte[] to store the uploaded file, you have to register the ByteArrayMultipartFileEditor class to guide Spring to handle the conversion between the multipart object and byte array.</p>\r\n<p>public class FileUploadController extends SimpleFormController{<br /> //...<br /> @Override<br /> protected void initBinder(HttpServletRequest request, ServletRequestDataBinder binder)<br /> throws ServletException {<br /> <br /> // Convert multipart object to byte[]<br /> binder.registerCustomEditor(byte[].class, new ByteArrayMultipartFileEditor());<br /> <br /> }</p>', NULL, '2015-09-02 13:24:42', '2015-09-08 10:22:19', 0, 0, 0, 0, 'http://localhost:8080/2015/9/2/16', '<p>Spring comes with MultipartResolver to handle file upload in web application. The CommonsMultipartResolver is a common MultipartResolver implementation, which use the Apache commons upload library to handle the file upload in a form. In this tutorial, it shows how to handle the file upload in Spring MVC web application.</p>', 0),
(19, 'Using a Backbone Model with Handlebars', '<p>A <a href="http://backbonejs.org/">Backbone</a> model&rsquo;s property has to be accessed with the <code>get(property)</code> method.</p>\r\n<div class="wp_syntax">\r\n<table class="table table-striped table-hover">\r\n<tbody>\r\n<tr>\r\n<td class="code">\r\n<pre class="javascript">var myObj = Backbone.Model.extend({ ... });\r\n//don''t do this\r\nconsole.log(myObj.myProp);\r\n&nbsp;\r\n//do this instead\r\nconsole.log(myObj.get(''myProp''));</pre>\r\n</td>\r\n</tr>\r\n</tbody>\r\n</table>\r\n</div>\r\n<p>If you&rsquo;re trying to pass this object to a <a href="http://handlebarsjs.com/">Handlebars.js</a>, things start to get messy. If you&rsquo;ve got a template like this</p>\r\n<div class="wp_syntax">\r\n<table class="table table-striped table-hover">\r\n<tbody>\r\n<tr>\r\n<td class="code">\r\n<pre class="javascript">var myTemplate = Handlebars.compile("Property: {{ myObj.myProp }}");\r\nconsole.log(myTemplate(myObj));</pre>\r\n</td>\r\n</tr>\r\n</tbody>\r\n</table>\r\n</div>\r\n<p>Handlebars won&rsquo;t find the property, and nothing will be displayed. There&rsquo;s a well-known workaround to this though, which is to convert the Backbone Model into JSON</p>\r\n<div class="wp_syntax">\r\n<table class="table table-striped table-hover">\r\n<tbody>\r\n<tr>\r\n<td class="code">\r\n<pre class="javascript">console.log(myTemplate(myObj.toJSON()));</pre>\r\n</td>\r\n</tr>\r\n</tbody>\r\n</table>\r\n</div>\r\n<p>However this isn&rsquo;t as readable as I&rsquo;d prefer. If your collection gets really big, it can make your application slow, and in situations where you&rsquo;ve got a Backbone Collection of Models, it doesn&rsquo;t even work. <a href="http://amatiasq.com/">A. Matias Quezada</a> has <a href="https://gist.github.com/amatiasq/4710958">a better solution</a>, which is to tell Handlebars, &ldquo;hey, if it&rsquo;s a Model, use the get method&rdquo;:</p>\r\n<div class="wp_syntax">\r\n<table class="table table-striped table-hover">\r\n<tbody>\r\n<tr>\r\n<td class="code">\r\n<pre class="javascript">Handlebars.JavaScriptCompiler.prototype.nameLookup = function(parent, name, type) {\r\n\tvar result = ''('' + parent + '' instanceof Backbone.Model ? '' + parent + ''.get("'' + name + ''") : '' + parent;\r\n\tif (/^[0-9]+$/.test(name)) {\r\n\t\treturn result + "[" + name + "])";\r\n\t} else if (Handlebars.JavaScriptCompiler.isValidJavaScriptVariableName(name)) {\r\n\t\treturn result + "." + name + '')'';\r\n\t} else {\r\n\t\treturn result + "[''" + name + "''])";\r\n\t}\r\n};</pre>\r\n</td>\r\n</tr>\r\n</tbody>\r\n</table>\r\n</div>\r\n<p>That&rsquo;s it. If you run that somewhere before your Template runs, Handlebars will be able to find the Backbone Model&rsquo;s property.</p>\r\n<p><em>In writing this post, I also came across <a href="http://thoraxjs.org/">Thorax.js</a>, which probably also fixes this problem.</em></p>', NULL, '2015-09-07 21:49:06', '2015-09-07 21:49:06', 0, 0, 0, 0, 'http://localhost:8080/2015/9/7/19', '<p>A <a href="http://backbonejs.org/">Backbone</a> model&rsquo;s property has to be accessed with the <code>get(property)</code> method.</p><div class="wp_syntax"><table class="table table-striped table-hover"><tbody><tr><td class="code"><pre class="javascript">var myObj = Backbone.Model.extend({ ... });\r\n//don''t do this\r\nconsole.log(myObj.myProp);\r\n&nbsp;\r\n//do this instead\r\nconsole.log(myObj.get(''myProp''));</pre></td></tr></tbody></table></div><p>If you&rsquo;re trying to pass this object to a <a href="http://handlebarsjs.com/">Handlebars.js</a>, things start to get messy. ', 0),
(20, 'First article with image from blog storage', '<p>My first article with image from blog storage!</p>\r\n<p><img src="resources/images/storage/29/13.jpg" alt="" width="500" height="375" /></p>\r\n<p>&nbsp;</p>\r\n<p>It''s amazing&nbsp;It''s amazing&nbsp;It''s amazing&nbsp;It''s amazing&nbsp;It''s amazing&nbsp;It''s amazing&nbsp;It''s amazing&nbsp;It''s amazing&nbsp;It''s amazing&nbsp;It''s amazing&nbsp;It''s amazing&nbsp;It''s amazing&nbsp;It''s amazing&nbsp;It''s amazing&nbsp;It''s amazing&nbsp;It''s amazing&nbsp;It''s <a href="habrahabr.ru" target="_blank">amazing&nbsp;It''s am</a>azing&nbsp;It''s amazing&nbsp;It''s amazing&nbsp;It''s amazing&nbsp;It''s amazing&nbsp;It''s amazing&nbsp;It''s amazing&nbsp;It''s amazing&nbsp;It''s amazing&nbsp;It''s amazing&nbsp;It''s amazing&nbsp;It''s amazing&nbsp;It''s amazing&nbsp;It''s amazing&nbsp;It''s amazing&nbsp;It''s amazing&nbsp;It''s amazing&nbsp;It''s amazing&nbsp;It''s amazing&nbsp;It''s amazing&nbsp;It''s amazing&nbsp;It''s amazing&nbsp;It''s amazing&nbsp;It''s amazing&nbsp;It''s amazing&nbsp;It''s amazing&nbsp;It''s amazing&nbsp;It''s amazing&nbsp;It''s amazing&nbsp;It''s amazing&nbsp;It''s amazing&nbsp;It''s amazing&nbsp;It''s amazing&nbsp;It''s amazing&nbsp;It''s amazing&nbsp;<em><strong>It''s amazing&nbsp;</strong></em>It''s amazing&nbsp;It''s amazing&nbsp;It''s amazing&nbsp;It''s amazing&nbsp;It''s amazing&nbsp;It''s amazing&nbsp;It''s amazing&nbsp;It''s amazing&nbsp;It''s amazing&nbsp;It''s amazing&nbsp;It''s amazing&nbsp;It''s amazing&nbsp;It''s amazing&nbsp;It''s amazing&nbsp;It''s amazing&nbsp;It''s amazing&nbsp;It''s amazing&nbsp;It''s amazing&nbsp;It''s amazing&nbsp;It''s amazing&nbsp;It''s amazing&nbsp;It''s amazing&nbsp;It''s amazing&nbsp;It''s amazing&nbsp;It''s amazing&nbsp;It''s amazing&nbsp;It''s amazing&nbsp;It''s amazing&nbsp;It''s amazing&nbsp;It''s amazing&nbsp;</p>\r\n<p>&nbsp;</p>\r\n<p><iframe src="//www.youtube.com/embed/Ziw-uxnX8Js" width="425" height="350" allowfullscreen="allowfullscreen"></iframe></p>', '', '2015-09-16 10:59:37', '2016-03-25 16:39:46', 1, 0, 0, 0, 'http://localhost:8080/2015/9/16/20', '<p>My first article with image from blog storage!</p><p><img src="/resources/images/storage/29/13.jpg" alt="" width="500" height="375" /></p><p>&nbsp;</p><p>It''s amazing&nbsp;It''s amazing&nbsp;It''s amazing&nbsp;It''s amazing&nbsp;It''s amazing&nbsp;It''s amazing&nbsp;It''s amazing&nbsp;It''s amazing&nbsp;It''s amazing&nbsp;It''s amazing&nbsp;It''s amazing&nbsp;It''s amazing&nbsp;It''s amazing&nbsp;It''s amazing&nbsp;It''s amazing&nbsp;It''s amazing&nbsp;It''s <a href="habrahabr.ru" target="_blank">amazing&nbsp;It''s am</a>azing&nbsp;It''s amazing&nbsp;It''s amazing&nbsp;It''s amazing&nbsp;It''s amazing&nbsp;It''s amazing&nbsp;It''s amazing&nbsp;It''s amazing&nbsp;It''s amazing&nbsp;It''s amazing&nbsp;It''s amazing&nbsp;It''s amazing&nbsp;It''s amazing&nbsp;It''s amazing&nbsp;It''s amazing&nbsp;It''s amazing&nbsp;It''s amazing&nbsp;It''s amazing&nbsp;It''s amazing&nbsp;It''s amazing&nbsp;It''s amazing&nbsp;It''s amazing&nbsp;It''s amazing&nbsp;It''s amazing&nbsp;It''s amazing&nbsp;It''s amazing&nbsp;It''s amazing&nbsp;It''s amazing&nbsp;It''s amazing&nbsp;It''s amazing&nbsp;It''s amazing&nbsp;It''s amazing&nbsp;It''s amazing&nbsp;It''s amazing&nbsp;It''s amazing&nbsp;<em><strong>It''s amazing&nbsp;</strong></em>It''s amazing&nbsp;It''s amazing&nbsp;It''s amazing&nbsp;It''s amazing&nbsp;It''s amazing&nbsp;It''s amazing&nbsp;It''s amazing&nbsp;It''s amazing&nbsp;It''s amazing&nbsp;It''s amazing&nbsp;It''s amazing&nbsp;It''s amazing&nbsp;It''s amazing&nbsp;It''s amazing&nbsp;It''s amazing&nbsp;It''s amazing&nbsp;It''s amazing&nbsp;It''s amazing&nbsp;It''s amazing&nbsp;It''s amazing&nbsp;It''s amazing&nbsp;It''s amazing&nbsp;It''s amazing&nbsp;It''s amazing&nbsp;It''s amazing&nbsp;It''s amazing&nbsp;It''s amazing&nbsp;It''s amazing&nbsp;It''s amazing&nbsp;It''s amazing&nbsp;</p>', 0),
(25, 'TitleBlogPost1', '<p>My first article with image from blog storage!</p>\r\n<p>&nbsp;</p>\r\n<p>&nbsp;<img src="../../resources/images/storage/29/551066.JPG" alt="" width="500" height="333" /></p>\r\n<p>It''s amazing&nbsp;It''s amazing&nbsp;It''s amazing&nbsp;It''s amazing&nbsp;It''s amazing&nbsp;It''s amazing&nbsp;It''s amazing&nbsp;It''s amazing&nbsp;It''s amazing&nbsp;It''s amazing&nbsp;It''s amazing&nbsp;It''s amazing&nbsp;It''s amazing&nbsp;It''s amazing&nbsp;It''s amazing&nbsp;It''s amazing&nbsp;It''s <a href="habrahabr.ru" target="_blank">amazing&nbsp;It''s am</a>azing&nbsp;It''s amazing&nbsp;It''s amazing&nbsp;It''s amazing&nbsp;It''s amazing&nbsp;It''s amazing&nbsp;It''s amazing&nbsp;It''s amazing&nbsp;It''s amazing&nbsp;It''s amazing&nbsp;It''s amazing&nbsp;It''s amazing&nbsp;It''s amazing&nbsp;It''s amazing&nbsp;It''s amazing&nbsp;It''s amazing&nbsp;It''s amazing&nbsp;It''s amazing&nbsp;It''s amazing&nbsp;It''s amazing&nbsp;It''s amazing&nbsp;It''s amazing&nbsp;It''s amazing&nbsp;It''s amazing&nbsp;It''s amazing&nbsp;It''s amazing&nbsp;It''s amazing&nbsp;It''s amazing&nbsp;It''s amazing&nbsp;It''s amazing&nbsp;It''s amazing&nbsp;It''s amazing&nbsp;It''s amazing&nbsp;It''s amazing&nbsp;It''s amazing&nbsp;<em><strong>It''s amazing</strong></em></p>\r\n<cutblog>.....</cutblog>\r\n<p><em><strong>&nbsp;</strong></em>It''s amazing&nbsp;It''s amazing&nbsp;It''s amazing&nbsp;It''s amazing&nbsp;It''s amazing&nbsp;It''s amazing&nbsp;It''s amazing&nbsp;It''s amazing&nbsp;It''s amazing&nbsp;It''s amazing&nbsp;It''s amazing&nbsp;It''s amazing&nbsp;It''s amazing&nbsp;It''s amazing&nbsp;It''s amazing&nbsp;It''s amazing&nbsp;It''s amazing&nbsp;It''s amazing&nbsp;It''s amazing&nbsp;It''s amazing&nbsp;It''s amazing&nbsp;It''s amazing&nbsp;It''s amazing&nbsp;It''s amazing&nbsp;It''s amazing&nbsp;It''s amazing&nbsp;It''s amazing&nbsp;It''s amazing&nbsp;It''s amazing&nbsp;It''s amazing&nbsp;</p>\r\n<p>&nbsp;</p>\r\n<p><iframe src="//www.youtube.com/embed/Ziw-uxnX8Js" width="425" height="350" allowfullscreen="allowfullscreen"></iframe></p>', '', '2015-09-16 12:56:28', '2015-09-16 12:56:28', 0, 0, 0, 0, 'http://localhost:8080/2015/9/16/25', '<p>My first article with image from blog storage!</p><p> </p><p> <img src="../../resources/images/storage/29/551066.JPG" alt="" width="500" height="333" /></p><p>It''s amazing It''s amazing It''s amazing It''s amazing It''s amazing It''s amazing It''s amazing It''s amazing It''s amazing It''s amazing It''s amazing It''s amazing It''s amazing It''s amazing It''s amazing It''s amazing It''s <a href="habrahabr.ru" target="_blank">amazing It''s am</a>azing It''s amazing It''s amazing It''s amazing It''s amazing It''s amazing It''s amazing It''s amazing It''s amazing It''s amazing It''s amazing It''s amazing It''s amazing It''s amazing It''s amazing It''s amazing It''s amazing It''s amazing It''s amazing It''s amazing It''s amazing It''s amazing It''s amazing It''s amazing It''s amazing It''s amazing It''s amazing It''s amazing It''s amazing It''s amazing It''s amazing It''s amazing It''s amazing It''s amazing It''s amazing <em><strong>It''s amazing</strong></em></p><cutblog>.....</cutblog>', 0),
(26, 'Validation form was created', '<p>Validation form was createdValidation form was createdValidation form was createdValidation form was createdValidation form was createdValidation form was createdValidation form was createdValidation form was createdValidation form was createdValidation form was createdValidation form was createdValidation form was createdValidation form was createdValidation form was createdValidation form was createdValidation form was createdValidation form was createdValidation form was createdValidation form was createdValidation form was createdValidation form was createdValidation form was createdValidation form was createdValidation form was createdValidation form was created.&nbsp;Validation form was createdValidation form was createdValidation form was createdValidation form was createdValidation form was createdValidation form was createdValidation form was createdValidation form was createdValidation form was createdValidation form was createdValidation form was createdValidation form was createdValidation form was createdValidation form was createdValidation form was createdValidation form was created</p>', '', '2015-09-17 15:23:46', '2015-09-17 15:23:46', 0, 0, 0, 0, 'http://localhost:8080/2015/9/17/26', '<p>Validation form was createdValidation form was createdValidation form was createdValidation form was createdValidation form was createdValidation form was createdValidation form was createdValidation form was createdValidation form was createdValidation form was createdValidation form was createdValidation form was createdValidation form was createdValidation form was createdValidation form was createdValidation form was createdValidation form was createdValidation form was createdValidation form was createdValidation form was createdValidation form was createdValidation form was createdValidation form was createdValidation form was createdValidation form was created. ', 0),
(27, 'jQuery .find() description', '<p>Given a jQuery object that represents a set of DOM elements, the <code>.find()</code> method allows us to search through the descendants of these elements in the DOM tree and construct a new jQuery object from the matching elements. The <code>.find()</code>and <code>.children()</code> methods are similar, except that the latter only travels a single level down the DOM tree.</p>\r\n<p>The first signature for the <code>.find()</code>method accepts a selector expression of the same type that we can pass to the <code>$()</code>function. The elements will be filtered by testing whether they match this selector.</p>\r\n<p><em><strong>Consider a page with a basic nested list on it:</strong></em></p>\r\n<div class="syntaxhighlighter xml">\r\n<table>\r\n<tbody>\r\n<tr>\r\n<td class="gutter">\r\n<div class="line n1">1</div>\r\n<div class="line n2">2</div>\r\n<div class="line n3">3</div>\r\n<div class="line n4">4</div>\r\n<div class="line n5">5</div>\r\n<div class="line n6">6</div>\r\n<div class="line n7">7</div>\r\n<div class="line n8">8</div>\r\n<div class="line n9">9</div>\r\n<div class="line n10">10</div>\r\n<div class="line n11">11</div>\r\n<div class="line n12">12</div>\r\n<div class="line n13">13</div>\r\n<div class="line n14">14</div>\r\n<div class="line n15">15</div>\r\n<div class="line n16">16</div>\r\n<div class="line n17">17</div>\r\n</td>\r\n<td class="code">\r\n<div class="container">\r\n<div class="line"><code><span class="tag">&lt;<span class="title">ul</span> <span class="attribute">class</span>=<span class="value">"level-1"</span>&gt;</span></code></div>\r\n</div>\r\n<div class="container">\r\n<div class="line"><code> <span class="tag">&lt;<span class="title">li</span> <span class="attribute">class</span>=<span class="value">"item-i"</span>&gt;</span>I<span class="tag">&lt;/<span class="title">li</span>&gt;</span></code></div>\r\n</div>\r\n<div class="container">\r\n<div class="line"><code> <span class="tag">&lt;<span class="title">li</span> <span class="attribute">class</span>=<span class="value">"item-ii"</span>&gt;</span>II</code></div>\r\n</div>\r\n<div class="container">\r\n<div class="line"><code> <span class="tag">&lt;<span class="title">ul</span> <span class="attribute">class</span>=<span class="value">"level-2"</span>&gt;</span></code></div>\r\n</div>\r\n<div class="container">\r\n<div class="line"><code> <span class="tag">&lt;<span class="title">li</span> <span class="attribute">class</span>=<span class="value">"item-a"</span>&gt;</span>A<span class="tag">&lt;/<span class="title">li</span>&gt;</span></code></div>\r\n</div>\r\n<div class="container">\r\n<div class="line"><code> <span class="tag">&lt;<span class="title">li</span> <span class="attribute">class</span>=<span class="value">"item-b"</span>&gt;</span>B</code></div>\r\n</div>\r\n<div class="container">\r\n<div class="line"><code> <span class="tag">&lt;<span class="title">ul</span> <span class="attribute">class</span>=<span class="value">"level-3"</span>&gt;</span></code></div>\r\n</div>\r\n<div class="container">\r\n<div class="line"><code> <span class="tag">&lt;<span class="title">li</span> <span class="attribute">class</span>=<span class="value">"item-1"</span>&gt;</span>1<span class="tag">&lt;/<span class="title">li</span>&gt;</span></code></div>\r\n</div>\r\n<div class="container">\r\n<div class="line"><code> <span class="tag">&lt;<span class="title">li</span> <span class="attribute">class</span>=<span class="value">"item-2"</span>&gt;</span>2<span class="tag">&lt;/<span class="title">li</span>&gt;</span></code></div>\r\n</div>\r\n<div class="container">\r\n<div class="line"><code> <span class="tag">&lt;<span class="title">li</span> <span class="attribute">class</span>=<span class="value">"item-3"</span>&gt;</span>3<span class="tag">&lt;/<span class="title">li</span>&gt;</span></code></div>\r\n</div>\r\n<div class="container">\r\n<div class="line"><code> <span class="tag">&lt;/<span class="title">ul</span>&gt;</span></code></div>\r\n</div>\r\n<div class="container">\r\n<div class="line"><code> <span class="tag">&lt;/<span class="title">li</span>&gt;</span></code></div>\r\n</div>\r\n<div class="container">\r\n<div class="line"><code> <span class="tag">&lt;<span class="title">li</span> <span class="attribute">class</span>=<span class="value">"item-c"</span>&gt;</span>C<span class="tag">&lt;/<span class="title">li</span>&gt;</span></code></div>\r\n</div>\r\n<div class="container">\r\n<div class="line"><code> <span class="tag">&lt;/<span class="title">ul</span>&gt;</span></code></div>\r\n</div>\r\n<div class="container">\r\n<div class="line"><code> <span class="tag">&lt;/<span class="title">li</span>&gt;</span></code></div>\r\n</div>\r\n<div class="container">\r\n<div class="line"><code> <span class="tag">&lt;<span class="title">li</span> <span class="attribute">class</span>=<span class="value">"item-iii"</span>&gt;</span>III<span class="tag">&lt;/<span class="title">li</span>&gt;</span></code></div>\r\n</div>\r\n<div class="container">\r\n<div class="line"><code><span class="tag">&lt;/<span class="title">ul</span>&gt;</span></code></div>\r\n</div>\r\n</td>\r\n</tr>\r\n</tbody>\r\n</table>\r\n<p><img src="../../resources/images/storage/29/95-1024.jpg" alt="" width="500" height="375" /></p>\r\n</div>\r\n<p>If we begin at item II, we can find list items within it:</p>\r\n<div class="syntaxhighlighter javascript">\r\n<table>\r\n<tbody>\r\n<tr>\r\n<td class="gutter">\r\n<div class="line n1">1</div>\r\n</td>\r\n<td class="code">\r\n<div class="container">\r\n<div class="line"><code>$( <span class="string">"li.item-ii"</span> ).find( <span class="string">"li"</span> ).css( <span class="string">"background-color"</span>, <span class="string">"red"</span> );</code></div>\r\n</div>\r\n</td>\r\n</tr>\r\n</tbody>\r\n</table>\r\n</div>\r\n<p>The result of this call is a red background on items A, B, 1, 2, 3, and C. Even though item II matches the selector expression, it is not included in the results; only descendants are considered candidates for the match.</p>', '', '2015-09-17 20:39:43', '2015-09-17 22:13:14', 1, 0, 0, 0, 'http://localhost:8080/2015/9/17/27', '<p>Given a jQuery object that represents a set of DOM elements, the <code>.find()</code> method allows us to search through the descendants of these elements in the DOM tree and construct a new jQuery object from the matching elements. The <code>.find()</code>and <code>.children()</code> methods are similar, except that the latter only travels a single level down the DOM tree.</p><p>The first signature for the <code>.find()</code>method accepts a selector expression of the same type that we can pass to the <code>$()</code>function. ', 0),
(28, 'How to @Autowire objects in Validator classes?', '<p>Are your Validation class <strong>an enabled Spring bean</strong> ??? If not, you always will get null for your object autowired. Make sure you have enabled your Validation class.</p>\r\n<p>And do not forget enable The Annotation config bean post-processor (see &lt;context:annotation-config /&gt; element)</p>\r\n<pre class="default prettyprint prettyprinted"><code><span class="tag">&lt;beans</span> <span class="atn">xmlns</span><span class="pun">=</span><span class="atv">"http://www.springframework.org/schema/beans"</span> \r\n       <span class="atn">xmlns:xsi</span><span class="pun">=</span><span class="atv">"http://www.w3.org/2001/XMLSchema-instance"</span>\r\n       <span class="atn">xmlns:context</span><span class="pun">=</span><span class="atv">"http://www.springframework.org/schema/context"</span>\r\n       <span class="atn">xsi:schemaLocation</span><span class="pun">=</span><span class="atv">"http://www.springframework.org/schema/beans\r\n                           http://www.springframework.org/schema/beans/spring-beans-2.5.xsd\r\n                           http://www.springframework.org/schema/context\r\n                           http://www.springframework.org/schema/context/spring-context-2.5.xsd"</span><span class="tag">&gt;</span>\r\n    <span class="tag">&lt;context:annotation-config</span> <span class="tag">/&gt;</span>\r\n<span class="tag">&lt;/beans&gt;</span></code></pre>\r\n<p>How to enable your Validation class as a managed Spring bean. Either</p>\r\n<p><strong>1&deg;</strong> By using xml (As shown above)</p>\r\n<pre class="default prettyprint prettyprinted"><code><span class="tag">&lt;beans</span><span class="pln"> ...</span><span class="tag">&gt;</span>\r\n    <span class="tag">&lt;bean</span> <span class="atn">class</span><span class="pun">=</span><span class="atv">"AccessRequestValidator"</span><span class="tag">/&gt;</span>\r\n    <span class="tag">&lt;context:annotation-config</span> <span class="tag">/&gt;</span>\r\n<span class="tag">&lt;/beans&gt;</span></code></pre>\r\n<p><strong>2&deg;</strong> By using annotation instead (Notice @Component just above class)</p>\r\n<pre class="default prettyprint prettyprinted"><code><span class="lit">@Component</span>\r\n<span class="kwd">public</span> <span class="kwd">class</span> <span class="typ">AccessRequestValidator</span> <span class="kwd">implements</span> <span class="typ">Validator</span> <span class="pun">{</span>\r\n\r\n<span class="pun">}</span></code></pre>\r\n<p><strong>But</strong> to enable Spring annotated component scanning, you <strong>must</strong> enable a bean-post processor (notice &lt;context:component-scan element)</p>\r\n<pre class="default prettyprint prettyprinted"><code><span class="tag">&lt;beans</span><span class="pln"> ...</span><span class="tag">&gt;</span>\r\n    <span class="tag">&lt;context:annotation-config</span> <span class="tag">/&gt;</span><span class="pln">\r\n    &lt;context:component-scan base-package="</span><span class="tag">&lt;PUT_RIGHT_HERE_WHICH_ROOT_PACKAGE_SHOULD_SPRING_LOOK_FOR_ANY_ANNOTATED_BEAN&gt;</span><span class="pln">"/&gt;\r\n</span><span class="tag">&lt;/beans&gt;</span></code></pre>\r\n<p>Inside your Controller, just do it (<strong>Do not use</strong> new operator)</p>\r\n<p><strong>Choose one of the following strategies</strong></p>\r\n<pre class="default prettyprint prettyprinted"><code><span class="kwd">public</span> <span class="kwd">class</span> <span class="typ">MyController</span> <span class="kwd">implements</span> <span class="typ">Controller</span> <span class="pun">{</span>\r\n\r\n    <span class="com">/**\r\n      * You can use FIELD @Autowired\r\n      */</span>\r\n    <span class="lit">@Autowired</span>\r\n    <span class="kwd">private</span> <span class="typ">AccessRequestValidator</span><span class="pln"> accessRequestValidator</span><span class="pun">;</span>\r\n\r\n    <span class="com">/**\r\n      * You can use PROPERTY @Autowired\r\n      */</span>\r\n    <span class="kwd">private</span> <span class="typ">AccessRequestValidator</span><span class="pln"> accessRequestValidator</span><span class="pun">;</span>\r\n    <span class="kwd">private</span> <span class="lit">@Autowired</span> <span class="kwd">void</span><span class="pln"> setAccessRequestValidator</span><span class="pun">(</span><span class="typ">AccessRequestValidator</span><span class="pln"> accessRequestValidator</span><span class="pun">)</span> <span class="pun">{</span>\r\n        <span class="kwd">this</span><span class="pun">.</span><span class="pln">accessRequestValidator </span><span class="pun">=</span><span class="pln"> accessRequestValidator</span><span class="pun">;</span>\r\n    <span class="pun">}</span>\r\n\r\n    <span class="com">/**\r\n      * You can use CONSTRUCTOR @Autowired\r\n      */</span>\r\n    <span class="kwd">private</span> <span class="typ">AccessRequestValidator</span><span class="pln"> accessRequestValidator</span><span class="pun">;</span>\r\n\r\n    <span class="lit">@Autowired</span>\r\n    <span class="kwd">public</span> <span class="typ">MyController</span><span class="pun">(</span><span class="typ">AccessRequestValidator</span><span class="pln"> accessRequestValidator</span><span class="pun">)</span> <span class="pun">{</span>\r\n        <span class="kwd">this</span><span class="pun">.</span><span class="pln">accessRequestValidator </span><span class="pun">=</span><span class="pln"> accessRequestValidator</span><span class="pun">;</span>\r\n    <span class="pun">}</span>   \r\n\r\n<span class="pun">}</span></code></pre>\r\n<p><strong>UPDATE</strong></p>\r\n<p>Your web app structure should looks like</p>\r\n<pre class="default prettyprint prettyprinted"><code><span class="tag">&lt;CONTEXT-NAME&gt;</span><span class="pln">/\r\n       WEB-INF/\r\n           web.xml\r\n           </span><span class="tag">&lt;SPRING-SERVLET-NAME&gt;</span><span class="pln">-servlet.xml\r\n           business-context.xml\r\n           classes/\r\n               /com\r\n                   /wuntee\r\n                       /taac\r\n                           /validator\r\n                               AccessRequestValidator.class\r\n           lib/\r\n               /**\r\n                 * libraries needed by your project goes here\r\n                 */</span></code></pre>\r\n<p>Your <strong>web.xml</strong> should looks like (NOTICE contextConfigLocation context-param and ContextLoaderListener)</p>\r\n<pre class="default prettyprint prettyprinted"><code><span class="tag">&lt;web-app</span> <span class="atn">version</span><span class="pun">=</span><span class="atv">"2.4"</span> \r\n    <span class="atn">xmlns</span><span class="pun">=</span><span class="atv">"http://java.sun.com/xml/ns/j2ee"</span> \r\n    <span class="atn">xmlns:xsi</span><span class="pun">=</span><span class="atv">"http://www.w3.org/2001/XMLSchema-instance"</span>\r\n   <span class="atn">xsi:schemaLocation</span><span class="pun">=</span><span class="atv">"http://java.sun.com/xml/ns/j2ee\r\n                       http://java.sun.com/xml/ns/j2ee/web-app_2_4.xsd"</span><span class="tag">&gt;</span>\r\n    <span class="tag">&lt;context-param&gt;</span>\r\n        <span class="tag">&lt;param-name&gt;</span><span class="pln">contextConfigLocation</span><span class="tag">&lt;/param-name&gt;</span>\r\n        <span class="com">&lt;!--If your business-context.xml lives in the root of classpath--&gt;</span>\r\n        <span class="com">&lt;!--replace by classpath:business-context.xml--&gt;</span>\r\n        <span class="tag">&lt;param-value&gt;</span><span class="pln">\r\n            /WEB-INF/business-context.xml\r\n        </span><span class="tag">&lt;/param-value&gt;</span>\r\n    <span class="tag">&lt;/context-param&gt;</span>\r\n    <span class="tag">&lt;listener&gt;</span>\r\n        <span class="tag">&lt;listener-class&gt;</span><span class="pln">org.springframework.web.context.ContextLoaderListener</span><span class="tag">&lt;/listener-class&gt;</span>\r\n    <span class="tag">&lt;/listener&gt;</span>\r\n    <span class="tag">&lt;servlet&gt;</span>\r\n        <span class="tag">&lt;servlet-name&gt;&lt;SPRING-SERVLET-NAME&gt;&lt;/servlet-name&gt;</span>\r\n        <span class="tag">&lt;servlet-class&gt;</span><span class="pln">org.springframework.web.servlet.DispatcherServlet</span><span class="tag">&lt;/servlet-class&gt;</span>\r\n        <span class="tag">&lt;load-on-startup&gt;</span><span class="pln">1</span><span class="tag">&lt;/load-on-startup&gt;</span>\r\n    <span class="tag">&lt;/servlet&gt;</span>\r\n    <span class="tag">&lt;servlet-mapping&gt;</span>\r\n        <span class="tag">&lt;servlet-name&gt;&lt;SPRING-SERVLET-NAME&gt;&lt;/servlet-name&gt;</span>\r\n        <span class="tag">&lt;url-pattern&gt;</span><span class="pln">*.htm</span><span class="tag">&lt;/url-pattern&gt;</span>\r\n    <span class="tag">&lt;/servlet-mapping&gt;</span>\r\n<span class="tag">&lt;/web-app&gt;</span></code></pre>\r\n<p>Your &lt;SPRING-SERVLET-NAME&gt;-servlet.xml should looks like (Notice i am using Spring 2.5 - replace if you are using 3.0)</p>\r\n<pre class="default prettyprint prettyprinted"><code> <span class="tag">&lt;beans</span> <span class="atn">xmlns</span><span class="pun">=</span><span class="atv">"http://www.springframework.org/schema/beans"</span> \r\n       <span class="atn">xmlns:xsi</span><span class="pun">=</span><span class="atv">"http://www.w3.org/2001/XMLSchema-instance"</span>\r\n       <span class="atn">xmlns:context</span><span class="pun">=</span><span class="atv">"http://www.springframework.org/schema/context"</span>\r\n       <span class="atn">xsi:schemaLocation</span><span class="pun">=</span><span class="atv">"http://www.springframework.org/schema/beans\r\n                           http://www.springframework.org/schema/beans/spring-beans-2.5.xsd\r\n                           http://www.springframework.org/schema/context\r\n                           http://www.springframework.org/schema/context/spring-context-2.5.xsd"</span><span class="tag">&gt;</span>\r\n    <span class="com">&lt;!--ANY HANDLER MAPPING--&gt;</span>\r\n    <span class="com">&lt;!--ANY VIEW RESOLVER--&gt;</span>\r\n    <span class="tag">&lt;context:component-scan</span> <span class="atn">base-package</span><span class="pun">=</span><span class="atv">"com.wuntee.taac"</span><span class="tag">/&gt;</span>\r\n    <span class="tag">&lt;context:annotation-config/&gt;</span>\r\n<span class="tag">&lt;/beans&gt;</span></code></pre>', '', '2015-09-18 12:13:22', '2015-09-18 12:14:13', 1, 0, 0, 0, 'http://localhost:8080/2015/9/18/28', '<p>Are your Validation class <strong>an enabled Spring bean</strong> ??? If not, you always will get null for your object autowired. Make sure you have enabled your Validation class.</p><p>And do not forget enable The Annotation config bean post-processor (see &lt;context:annotation-config /&gt; element)</p><pre class="default prettyprint prettyprinted"><code><span class="tag">&lt;beans</span><span class="atn">xmlns</span><span class="pun">=</span><span class="atv">"http://www.springframework.org/schema/beans"</span><span class="atn">xmlns:xsi</span><span class="pun">=</span><span class="atv">"http://www.w3.org/2001/XMLSchema-instance"</span><span class="atn">xmlns:context</span><span class="pun">=</span><span class="atv">"http://www.springframework.org/schema/context"</span><span class="atn">xsi:schemaLocation</span><span class="pun">=</span><span class="atv">"http://www.springframework.org/schema/beans\r\n                           http://www.springframework.org/schema/beans/spring-beans-2.5.xsd\r\n                           http://www.springframework.org/schema/context\r\n                           http://www.springframework.org/schema/context/spring-context-2.5.xsd"</span><span class="tag">&gt;</span><span class="tag">&lt;context:annotation-config</span><span class="tag">/&gt;</span><span class="tag">&lt;/beans&gt;</span></code></pre><p>How to enable your Validation class as a managed Spring bean. Either</p><p><strong>1&deg;</strong> By using xml (As shown above)</p><pre class="default prettyprint prettyprinted"><code><span class="tag">&lt;beans</span><span class="pln"> ...</span><span class="tag">&gt;</span><span class="tag">&lt;bean</span><span class="atn">class</span><span class="pun">=</span><span class="atv">"AccessRequestValidator"</span><span class="tag">/&gt;</span><span class="tag">&lt;context:annotation-config</span><span class="tag">/&gt;</span><span class="tag">&lt;/beans&gt;</span></code></pre>', 0),
(29, 'Post sharing on facebook test', '<h4><strong>Dear Friends, </strong></h4>\r\n<h4><strong>don''t pay attention on this post and to the fact that it is duplicated. This temporarily !!!</strong></h4>\r\n<h2><img src="http://localhost:8080/resources/images/storage/35/Wallpaper_103.JPG" alt="" width="500" height="375" /></h2>\r\n<p>Thank you!</p>', '', '2015-09-22 17:13:30', '2015-09-22 17:15:04', 1, 0, 0, 0, 'http://localhost:8080/2015/9/22/29', '<h4><strong>Dear Friends, </strong></h4>don''t pay attention on this post and to the fact that it is duplicated. ', 0);

--
-- ??????? ?????? ? ??????? blg_post_category
--
INSERT INTO blg_post_category(`pst_id`, `dic_cat_id`) VALUES
(1, 1),
(3, 2),
(9, 1),
(16, 1),
(19, 1),
(20, 1),
(25, 1),
(26, 1),
(27, 1),
(28, 1),
(29, 2);

--
-- ??????? ?????? ? ??????? blg_post_tag
--
INSERT INTO blg_post_tag(`pst_id`, `dic_tag_id`) VALUES
(1, 1),
(1, 2),
(1, 7),
(9, 1),
(16, 2),
(16, 5),
(19, 3),
(20, 3),
(20, 4),
(25, 3),
(26, 3),
(27, 3),
(28, 1),
(28, 2),
(29, 1),
(29, 2),
(29, 3),
(29, 5),
(29, 7);



--
-- ??????? ?????? ? ??????? blg_user
--
INSERT INTO blg_user(`usr_id`, `usr_dateTimeChange`, `usr_login`, `usr_password`) VALUES
(1, '2015-07-03 12:54:28', 'admin', '$2a$10$GThHMT1Os9W3YbeW1buZJu9AbdPPLCOhVeSfhaXc2ob1nVc.VoDDK'),
(27, '2015-07-29 18:31:49', 'sonik9@mail.ru', '$2a$10$WaFbJgcHLghxg/1gkWUCBeo/8FTzoniQmMNTY1XSGgQdrGdVp4bme'),
(28, '2015-07-29 18:32:16', 'den@mail.ru', '$2a$10$PmuuZP1jImAKyfyHaUBoXeKBpv61NzKFmhdplvgQ0sKzu7ZAJ8mYe'),
(29, '2015-08-24 15:21:17', 'user@mail.ru', '$2a$10$H5vnQK9.n/6DetoTYi3kFuP0QXd9TT9b79/7NGMLEQOPDEsijjzrK'),
(32, '2015-07-30 17:28:34', 'test@test', '$2a$10$rZScVV9mCP/0DGYDXdIqXekUL47ZtnlKQNtQJdMqoHKFABH9i539W'),
(35, '2015-08-12 22:14:22', 'upirvo@gmail.com', '$2a$10$YxQ6Y4GNxfa.OE40ti6wTOdVKiKnGlQsLnr8x6wXDV6alZ/Y9eBLW'),
(37, '2015-08-25 18:47:16', 'maxut@mail.ru', '$2a$10$7dZAIqdva2LsLZg3ac.pLOfysagchjfj5EOOmazw0dntoIYCV3bki'),
(38, '2016-03-25 20:27:19', 'ma-nu@yandex.ru', '$2a$10$Gl4eo0w8O.hSHyJ3yRdHterkI6r5Zb1JrYwgNQM.uMV6nRq/rCXGa'),
(39, '2016-04-05 11:04:04', 'galushko88@gmail.com', '$2a$10$llecpVIZdbxYSQGcdlSkkuurbTdol0LDBAO/N0FPk233PfIM2wSV6');

--
-- ??????? ?????? ? ??????? blg_user_detail
--
INSERT INTO blg_user_detail(`usr_det_id`, `usr_det_adres`, `usr_det_birthdate`, `usr_det_city`, `usr_det_country`, `usr_det_firstname`, `usr_det_lastname`, `usr_id`, `usr_photo_link`, `usr_gender`) VALUES
(2, NULL, NULL, NULL, NULL, 'Admin', 'Admin', 1, NULL, NULL),
(24, NULL, NULL, NULL, NULL, 'Vitalii', 'Upir', 27, NULL, NULL),
(25, NULL, NULL, NULL, NULL, 'Rudnev', 'Denis', 28, NULL, NULL),
(26, NULL, NULL, NULL, NULL, 'user', 'user', 29, 'http://localhost:8080/resources/images/706002.JPG', '1'),
(31, NULL, NULL, NULL, NULL, 'test', 'test', 32, NULL, '1'),
(34, NULL, NULL, NULL, NULL, 'Vitalii', 'Olegovich', 35, 'https://scontent.xx.fbcdn.net/hprofile-xlf1/v/t1.0-1/p200x200/11952057_1885723268319930_8282606656982221277_n.jpg?oh=fe9ff27c2a7ab0b7a0ca81496f446c7e&oe=5786C1FC', '0'),
(38, NULL, NULL, NULL, NULL, 'Andrey', 'Maxutenko', 37, NULL, NULL),
(39, NULL, NULL, NULL, NULL, 'Andrey', 'Maksutenko', 38, 'https://scontent.xx.fbcdn.net/hprofile-xpf1/v/t1.0-1/p200x200/10556281_671394849604434_1055114082035283168_n.jpg?oh=e841fbc006a892da91e7c72e8d1784c2&oe=578EA082', '0'),
(40, NULL, NULL, NULL, NULL, 'Zhanna', 'Galushko', 39, 'https://scontent.xx.fbcdn.net/hprofile-xap1/v/t1.0-1/p200x200/11057288_921709161224697_3884081481148890462_n.jpg?oh=972ddabfc51b3d51a2a28def6442f287&oe=57825342', '1');

--
-- ??????? ?????? ? ??????? blg_user_facebook
--
INSERT INTO blg_user_facebook(`usr_fb_id`, `usr_id`, `usr_fb_verified`, `usr_fb_accesstoken`) VALUES
(853712071372710, 38, 1, 'CAALCuxOHfUEBAKzgoMZAD8jjaQXrHhC5Jds3vBzCeiAT11FhJzAYhuB5MGq9ZCF2zzYVH3ibkfHyvu0ld5gLZBnkwALnudPzptP9Uo6xaQrFbzbgXqKTaECKB2R066SCkMZAZALRXNg5r6IkhmS7MnKQY4BFqLXYZBSmxzMGOcGlTUj1jWzh3uue2hYf1l8PGHZCiB7vHNr8AZDZD'),
(1142992875762990, 39, 1, 'CAALCuxOHfUEBAEHzVRw9rlZAfNAFmlIZA8lVouwznkez3NoP4da8F1zCDEiv8x2zcQ8mZB7ZCHeHyfH5eYfposumarZBuJqRzIxlJCwPicKgAQPgz0RWSlC23FVmK3y6mSRZAdZC38eS7rT383BlmdGBoD8HPftv57XG7STtxIhzda9rQeuXJLQZBVNoT5cOVjaSW0Rwf80WQgZDZD'),
(1855296584695932, 35, 1, 'CAALCuxOHfUEBAEmvOnVI3rQYYwXtLYSjOIUBZCXygDs5DHUwVKZB9zZBEF8rFZChxZAcKbOD6R0jaTEhXMVxIMc7SKZBucN2jDCnfxvze1Di0h5BTZASM9PfZBm5KGxBRZBZCa9sDj871G7ZBk6CaigMcis1WSZCLWYDjRLJfOEh22nhOwDnIUGAWKGZBfmwUjxOVZBMcZD');

--
-- ??????? ?????? ? ??????? blg_user_role
--
INSERT INTO blg_user_role(`usr_id`, `role_id`) VALUES
(1, 1),
(27, 2),
(28, 2),
(29, 2),
(32, 2),
(35, 1),
(37, 2),
(38, 2),
(39, 2);

--
-- ??????? ?????? ? ??????? blg_user_telephone
--
INSERT INTO blg_user_telephone(`usr_tel_id`, `usr_tel_numb`, `usr_id`, `tel_type_id`) VALUES
(1, '+380636171846', 1, 1),
(2, '+48790390855', 1, 2),
(3, '+4800000000', 2, 2),
(4, '+38111111111', 2, 1),
(5, '123-333-111', 23, 1);

--
-- ??????? ?????? ? ??????? blg_post_user
--
INSERT INTO blg_post_user(`usr_id`, `pst_id`) VALUES
(29, 1),
(29, 9),
(29, 16),
(29, 19),
(29, 26),
(29, 27),
(29, 28),
(35, 3),
(35, 20),
(35, 25),
(35, 29);